MMSI,route_start_time,route_end_time,historical_route_distance_km,historical_duration_hours,baseline_distance_km,baseline_steps,baseline_final_distance_km,baseline_destination_reached,baseline_turning_degrees,baseline_difference_km,baseline_change_percent
243681675,2024-07-06 07:23:38,2024-07-06 09:16:38,29.21168699808779,1.8833333333333333,29.0,29,1.4500795307593746,True,0.0,-0.21168699808778868,-0.7246654330564537
340402302,2024-07-08 22:56:12,2024-07-09 01:28:35,58.780548371567306,2.539722222222222,73.0,73,1.895379138544372,True,0.0,14.219451628432694,24.19074340468517
340402302,2024-07-14 07:36:30,2024-07-14 20:39:06,89.95021205382177,13.043333333333331,64.0,64,1.3011478937599477,True,0.0,-25.950212053821772,-28.84952849059927
340402302,2024-07-15 22:54:11,2024-07-16 01:40:47,41.62109767544612,2.776666666666667,74.0,74,1.8038859567021899,True,0.0,32.37890232455388,77.79444592509013
340402302,2024-07-21 07:38:46,2024-07-21 20:05:53,83.92931359860471,12.451944444444443,62.0,62,1.8733502978001322,True,0.0,-21.929313598604708,-26.12831281271109
340402302,2024-07-28 07:29:21,2024-07-28 20:08:07,100.40978378359662,12.64611111111111,62.0,62,1.374418439218321,True,0.0,-38.40978378359662,-38.253029073718025
340402302,2024-07-29 22:43:42,2024-07-30 01:36:48,41.96583866792909,2.885,74.0,74,1.979430578071431,True,0.0,32.03416133207091,76.33390002176195
340402302,2024-08-04 07:50:49,2024-08-04 20:50:11,79.19142534129384,12.989444444444445,62.0,62,1.3547106198341046,True,0.0,-17.191425341293836,-21.708695439188517
340402302,2024-08-05 23:09:27,2024-08-06 01:14:39,32.76829440749144,2.0866666666666664,63.0,63,1.7155558427510158,True,0.0,30.23170559250856,92.2590148164594
340402302,2024-08-18 08:14:23,2024-08-18 20:36:37,84.7918820329802,12.370555555555557,64.0,64,1.7584022884792707,True,0.0,-20.791882032980197,-24.5210762333275
340402302,2024-08-25 09:05:16,2024-08-25 20:42:58,95.02045989407137,11.628333333333334,62.0,62,1.369503387485252,True,0.0,-33.020459894071365,-34.75089462930669
340402302,2024-08-26 23:18:42,2024-08-27 01:08:30,32.13054132372207,1.83,58.0,58,1.5225071489714541,True,0.0,25.86945867627793,80.51360982573435
340402302,2024-09-02 23:15:59,2024-09-03 01:40:47,65.47154118741514,2.4133333333333336,73.0,73,1.7438130835948138,True,0.0,7.528458812584859,11.498826323691262
340402302,2024-09-08 08:10:25,2024-09-08 20:36:24,76.49846486062316,12.433055555555557,65.0,65,1.655212501586555,True,0.0,-11.498464860623159,-15.030974649717294
340402302,2024-09-09 23:38:10,2024-09-10 01:28:34,33.30396219858851,1.84,59.0,59,1.7154975119171005,True,0.0,25.696037801411492,77.15609826899379
340402302,2024-09-15 07:59:23,2024-09-15 20:39:53,72.58928576389273,12.675,58.0,58,1.5992331157790927,True,0.0,-14.589285763892732,-20.098401038614043
340402302,2024-09-16 23:21:12,2024-09-17 01:13:30,29.88708721025226,1.8716666666666664,56.0,56,1.6440195392438564,True,0.0,26.11291278974774,87.37188942517672
340402302,2024-09-22 07:54:40,2024-09-22 20:49:42,76.95827733806388,12.917222222222222,64.0,64,1.5354574681460693,True,0.0,-12.95827733806388,-16.838055354514363
340402302,2024-09-23 23:09:01,2024-09-24 01:01:36,31.930864283130614,1.8763888888888889,58.0,58,1.7682121294204731,True,0.0,26.069135716869386,81.64243687773264
340402302,2024-09-29 07:58:56,2024-09-29 20:19:05,76.58070275060011,12.335833333333332,62.0,62,1.2881136393403496,True,0.0,-14.58070275060011,-19.039656502089038
340402302,2024-09-30 23:23:09,2024-09-30 23:59:51,15.154433793715553,0.6116666666666667,17.0,17,1.4250654234065918,True,0.0,1.8455662062844471,12.178391033321164
345727782,2024-07-01 15:48:03,2024-07-02 01:09:24,59.98934552885858,9.355833333333331,61.0,61,1.7818391302226186,True,0.0,1.0106544711414216,1.684723282495613
345727782,2024-07-15 16:08:25,2024-07-15 18:13:05,60.717431300639234,2.077777777777778,31.0,31,1.1471969329542513,True,0.0,-29.717431300639234,-48.94382167370504
345727782,2024-08-05 17:10:10,2024-08-05 18:33:47,49.83998702981908,1.3936111111111111,30.0,30,1.2294046962836924,True,0.0,-19.839987029819078,-39.807367963295995
345727782,2024-08-19 15:38:37,2024-08-19 16:57:44,60.493337814335945,1.3186111111111112,30.0,30,1.947505699523216,True,0.0,-30.493337814335945,-50.407762104192436
345727782,2024-09-02 15:12:14,2024-09-03 16:09:42,65.04483662703531,24.95777777777778,35.0,35,1.9372087940865899,True,0.0,-30.04483662703531,-46.19096331859713
345727782,2024-09-05 17:20:48,2024-09-05 22:25:49,259.137013303312,5.083611111111111,149.0,149,1.2002147901837301,True,0.0,-110.13701330331202,-42.501459710195846
345727782,2024-09-07 17:22:14,2024-09-07 19:09:44,32.22500296512042,1.7916666666666667,29.0,29,1.6761959309065182,True,0.0,-3.2250029651204173,-10.007766232360272
345727782,2024-09-08 20:59:24,2024-09-08 23:08:24,113.25740234352124,2.15,59.0,59,1.0814496924943842,True,0.0,-54.257402343521235,-47.906274751872736
345727782,2024-09-09 15:22:13,2024-09-10 01:24:44,64.14878935868401,10.041944444444445,62.0,62,1.872491326894628,True,0.0,-2.148789358684013,-3.3496958869624014
345727782,2024-09-12 20:50:14,2024-09-12 23:11:06,84.20172620990408,2.347777777777778,59.0,59,1.9696286471105349,True,0.0,-25.20172620990408,-29.93017761545579
345727782,2024-09-13 15:02:28,2024-09-14 01:18:42,69.92762231810033,10.270555555555555,64.0,64,1.928071976387836,True,0.0,-5.927622318100333,-8.476796609979981
385831098,2024-07-01 09:59:34,2024-07-02 01:17:27,133.43566492246248,15.298055555555557,137.0,137,1.8585012736155306,True,0.0,3.564335077537521,2.671201196178476
385831098,2024-07-02 21:00:31,2024-07-02 23:38:03,68.27473002650356,2.625555555555556,55.0,55,1.656263543487965,True,0.0,-13.274730026503562,-19.44310877736235
385831098,2024-07-29 10:06:07,2024-07-29 19:10:22,209.0781782895803,9.070833333333333,160.0,160,1.2473164762642905,True,0.0,-49.07817828958031,-23.473601449504393
385831098,2024-08-01 15:53:11,2024-08-01 22:13:17,230.9547525165915,6.335,208.0,208,1.1265991930952926,True,0.0,-22.954752516591498,-9.939069132142002
385831098,2024-08-05 10:00:44,2024-08-06 01:48:51,185.3329012761596,15.801944444444445,144.0,144,1.4472665129367959,True,0.0,-41.33290127615959,-22.301977140351642
385831098,2024-08-19 10:04:06,2024-08-20 02:33:50,170.22977101637483,16.495555555555555,164.0,164,1.8379517755343922,True,0.0,-6.229771016374826,-3.6596248583190354
396636589,2024-09-11 02:29:21,2024-09-11 17:07:43,62.17740763956197,14.639444444444443,61.0,61,1.218253704364404,True,0.0,-1.1774076395619701,-1.8936261324809789
406647606,2024-07-09 00:47:50,2024-07-09 07:37:33,57.80834325601729,6.828611111111111,66.0,66,1.2974516212772624,True,0.0,8.191656743982712,14.170371061672036
406647606,2024-07-09 09:28:33,2024-07-09 23:37:14,76.99633554141869,14.144722222222224,60.0,60,1.8711806988060529,True,0.0,-16.996335541418688,-22.074213560820485
406647606,2024-09-03 00:56:11,2024-09-03 22:50:47,101.221134809467,21.91,51.0,51,1.245175553661645,True,0.0,-50.221134809467,-49.61526553125536
493087308,2024-08-07 03:07:11,2024-08-07 20:10:13,39.99975231046316,17.050555555555555,36.0,36,1.4991818722066632,True,0.0,-3.9997523104631583,-9.999442695091142
680520589,2024-07-01 05:30:54,2024-07-01 08:17:38,46.234133303284125,2.778888888888889,31.0,31,1.4149674354184316,True,0.0,-15.234133303284125,-32.94997054092502
680520589,2024-07-01 17:49:39,2024-07-01 21:07:29,72.65416355001474,3.297222222222222,50.0,50,1.2829882693805537,True,0.0,-22.654163550014744,-31.180819437030248
680520589,2024-07-02 06:00:42,2024-07-02 08:52:24,62.88588298141983,2.861666666666667,51.0,51,1.4524925016515255,True,0.0,-11.885882981419833,-18.900717327816828
680520589,2024-07-02 18:04:08,2024-07-02 22:42:47,66.2440672488276,4.644166666666667,61.0,61,1.5913079989388248,True,0.0,-5.244067248827605,-7.9162821164493264
680520589,2024-07-03 06:05:21,2024-07-03 09:03:32,57.93551162278536,2.9697222222222224,49.0,49,1.7779119081260861,True,0.0,-8.935511622785363,-15.423203096856971
680520589,2024-07-03 18:14:04,2024-07-03 21:20:23,60.68674049117095,3.105277777777778,37.0,37,1.4077169841546877,True,0.0,-23.68674049117095,-39.03116281985359
680520589,2024-07-04 06:08:48,2024-07-04 09:13:03,59.89267405844872,3.0708333333333333,50.0,50,1.70652371578088,True,0.0,-9.89267405844872,-16.517335740919744
680520589,2024-07-04 18:24:30,2024-07-04 22:54:06,61.83592374556648,4.493333333333333,61.0,61,1.6980744315771772,True,0.0,-0.8359237455664825,-1.3518416074869695
680520589,2024-07-05 06:49:08,2024-07-05 09:00:18,52.94490102063664,2.186111111111111,49.0,49,1.1157273958558118,True,0.0,-3.9449010206366424,-7.450955511464674
680520589,2024-07-05 17:51:33,2024-07-05 21:00:07,59.69081499474828,3.142777777777778,48.0,48,1.3515779633577751,True,0.0,-11.69081499474828,-19.585617981220164
680520589,2024-07-06 05:58:21,2024-07-06 08:54:20,61.796094270193066,2.933055555555556,52.0,52,1.6181034130754437,True,0.0,-9.796094270193066,-15.8522870836485
680520589,2024-07-09 06:07:13,2024-07-09 07:25:22,23.48586691077105,1.3025,15.0,15,1.5989760096303405,True,0.0,-8.485866910771051,-36.131801917344916
680520589,2024-07-09 18:06:04,2024-07-09 22:15:04,69.16925244894095,4.15,61.0,61,1.9093550953373173,True,0.0,-8.169252448940952,-11.810525861865132
680520589,2024-07-10 06:18:20,2024-07-10 09:14:06,66.68985916579665,2.9294444444444445,52.0,52,1.9224480844242555,True,0.0,-14.689859165796648,-22.027125787260115
680520589,2024-07-10 18:32:16,2024-07-10 22:06:22,66.22323621454356,3.5683333333333334,50.0,50,1.4055469360528279,True,0.0,-16.22323621454356,-24.497800382308572
680520589,2024-07-11 05:56:48,2024-07-11 08:26:40,45.36440801402063,2.497777777777778,29.0,29,1.7771931272440047,True,0.0,-16.364408014020633,-36.07323170394495
706899810,2024-07-02 15:01:33,2024-07-03 06:21:10,27.128808072346363,15.326944444444443,22.0,22,1.7101443603074058,True,0.0,-5.128808072346363,-18.905394069171773
706899810,2024-07-21 15:51:20,2024-07-22 15:24:36,63.645766057329496,23.55444444444445,35.0,35,1.094601718438316,True,0.0,-28.645766057329496,-45.00812517760657
706899810,2024-07-23 02:34:56,2024-07-23 04:30:18,45.3126124619201,1.9227777777777777,45.0,45,1.1782084403547723,True,0.0,-0.3126124619200965,-0.6899016519579629
706899810,2024-09-26 13:35:26,2024-09-26 14:37:29,40.33330448946538,1.034166666666667,27.0,27,1.0205202217396177,True,0.0,-13.333304489465377,-33.057803366812884
706899810,2024-09-28 13:08:50,2024-09-29 05:04:37,38.24582673888874,15.929722222222225,31.0,31,1.8165065633534578,True,0.0,-7.245826738888738,-18.945404915305726
743497398,2024-07-01 15:18:59,2024-07-02 07:38:08,40.27534748560579,16.319166666666668,24.0,24,1.750610037250608,True,0.0,-16.275347485605792,-40.410197556762284
743497398,2024-07-05 15:34:40,2024-07-06 03:03:53,51.277508976297526,11.486944444444443,36.0,36,1.5741193879390334,True,0.0,-15.277508976297526,-29.793781486849113
791860098,2024-07-02 20:54:00,2024-07-02 23:30:30,22.919943544634364,2.6083333333333334,61.0,61,1.937629046056014,True,0.0,38.080056455365636,166.14376200887418
791860098,2024-07-15 12:09:58,2024-07-15 16:31:28,50.59488124550779,4.358333333333333,38.0,38,1.4515718712577645,True,0.0,-12.594881245507793,-24.89358791928396
791860098,2024-07-17 21:39:50,2024-07-17 22:37:40,38.43851953269248,0.9638888888888888,22.0,22,1.7254460647864767,True,0.0,-16.43851953269248,-42.76574574811941
791860098,2024-07-17 23:40:21,2024-07-18 18:24:07,149.6669631771907,18.729444444444443,113.0,113,1.62606496592948,True,0.0,-36.666963177190695,-24.499035992185316
791860098,2024-08-04 19:19:07,2024-08-05 19:23:42,148.61560856672875,24.07638888888889,94.0,94,1.3359216096758204,True,0.0,-54.61560856672875,-36.749577714918296
791860098,2024-08-14 02:26:36,2024-08-14 17:28:22,45.423384815616025,15.029444444444444,39.0,39,1.7323312896962197,True,0.0,-6.423384815616025,-14.141140827989862
791860098,2024-08-15 20:25:33,2024-08-15 22:16:46,57.21501903197981,1.853611111111111,48.0,48,1.6802284745931984,True,0.0,-9.215019031979807,-16.105944187188257
791860098,2024-09-02 18:43:37,2024-09-03 00:08:06,121.33080870084284,5.408055555555555,112.0,112,1.5911054660181685,True,0.0,-9.330808700842837,-7.690386968283695
791860098,2024-09-17 22:27:42,2024-09-18 17:02:05,182.60508992673184,18.573055555555555,137.0,137,1.5422149560869534,True,0.0,-45.605089926731836,-24.97470905385515
791860098,2024-09-29 00:16:32,2024-09-29 03:38:52,99.03958682112024,3.3722222222222222,57.0,57,1.8996503494009345,True,0.0,-42.03958682112024,-42.44725586047707
