MMSI,route_start_time,route_end_time_ppo,initial_distance_km,historical_route_distance_km_ppo,historical_duration_hours_ppo,ppo_distance_km,ppo_steps,ppo_reward,final_distance_km,destination_reached,total_turning_degrees,distance_difference_km,distance_change_percent,absolute_distance_savings_km,route_end_time_baseline,historical_route_distance_km_baseline,historical_duration_hours_baseline,baseline_distance_km,baseline_steps,baseline_final_distance_km,baseline_destination_reached,baseline_turning_degrees,baseline_difference_km,baseline_change_percent,ppo_vs_baseline_difference_km,ppo_vs_historical_difference_km,baseline_vs_historical_difference_km
243681675,2024-07-06 07:23:38,2024-07-06 09:16:38,26.5869262105298,29.21168699808779,1.8833333333333333,28.0,28,219.9270733992289,1.769964360975597,True,190.0,-1.211686998087789,-4.147952831916576,1.211686998087789,2024-07-06 09:16:38,29.21168699808779,1.8833333333333333,29.0,29,1.4500795307593746,True,0.0,-0.2116869980877886,-0.7246654330564537,-1.0,-1.2116869980877887,-0.21168699808778868
340402302,2024-07-08 22:56:12,2024-07-09 01:28:35,28.80584537389853,58.780548371567306,2.539722222222222,85.0,85,221.64625235830528,1.0332359843588708,True,625.0,26.219451628432694,44.60566012874301,-26.219451628432694,2024-07-09 01:28:35,58.780548371567306,2.539722222222222,73.0,73,1.895379138544372,True,0.0,14.219451628432694,24.19074340468517,12.0,26.219451628432694,14.219451628432694
340402302,2024-07-14 07:36:30,2024-07-14 20:39:06,51.43810968564296,89.95021205382177,13.043333333333331,57.0,57,336.9889232735806,1.9092564164149344,True,380.0,-32.95021205382177,-36.63161131193998,32.95021205382177,2024-07-14 20:39:06,89.95021205382177,13.043333333333331,64.0,64,1.3011478937599477,True,0.0,-25.95021205382177,-28.84952849059927,-7.0,-32.95021205382177,-25.950212053821772
340402302,2024-07-15 22:54:11,2024-07-16 01:40:47,28.44987405505988,41.62109767544612,2.776666666666667,85.0,85,216.7261428769774,1.6831935508531308,True,635.0,43.37890232455388,104.22335004909,-43.37890232455388,2024-07-16 01:40:47,41.62109767544612,2.776666666666667,74.0,74,1.8038859567021897,True,0.0,32.37890232455388,77.79444592509013,11.0,43.37890232455388,32.37890232455388
340402302,2024-07-21 07:38:46,2024-07-21 20:05:53,50.18559041576975,83.92931359860471,12.451944444444443,57.0,57,334.20693244502496,1.2386419308876844,True,380.0,-26.929313598604708,-32.08570694071826,26.929313598604708,2024-07-21 20:05:53,83.92931359860471,12.451944444444443,62.0,62,1.873350297800132,True,0.0,-21.929313598604708,-26.12831281271109,-5.0,-26.929313598604708,-21.929313598604708
340402302,2024-07-28 07:29:21,2024-07-28 20:08:07,50.24114636291907,100.40978378359662,12.64611111111111,56.0,56,332.7009833958941,1.6176046339376642,True,375.0,-44.40978378359662,-44.228542389164666,44.40978378359662,2024-07-28 20:08:07,100.40978378359662,12.64611111111111,62.0,62,1.374418439218321,True,0.0,-38.40978378359662,-38.253029073718025,-6.0,-44.40978378359662,-38.40978378359662
340402302,2024-07-29 22:43:42,2024-07-30 01:36:48,28.98303310156161,41.96583866792909,2.885,85.0,85,218.01482588072588,1.988952648677268,True,625.0,43.03416133207091,102.5456959709428,-43.03416133207091,2024-07-30 01:36:48,41.96583866792909,2.885,74.0,74,1.979430578071431,True,0.0,32.03416133207091,76.33390002176195,11.0,43.03416133207091,32.03416133207091
340402302,2024-08-04 07:50:49,2024-08-04 20:50:11,50.548998504322746,79.19142534129384,12.989444444444445,56.0,56,333.67822131055107,1.764088418589542,True,375.0,-23.19142534129384,-29.285273299912213,23.19142534129384,2024-08-04 20:50:11,79.19142534129384,12.989444444444445,62.0,62,1.3547106198341046,True,0.0,-17.191425341293836,-21.70869543918852,-6.0,-23.191425341293836,-17.191425341293836
340402302,2024-08-05 23:09:27,2024-08-06 01:14:39,31.28766998872496,32.76829440749144,2.0866666666666664,72.0,72,232.6195444281711,1.798575293204261,True,530.0,39.23170559250856,119.72458836166788,-39.23170559250856,2024-08-06 01:14:39,32.76829440749144,2.0866666666666664,63.0,63,1.7155558427510158,True,0.0,30.23170559250856,92.2590148164594,9.0,39.23170559250856,30.23170559250856
340402302,2024-08-18 08:14:23,2024-08-18 20:36:37,51.24439323909894,84.7918820329802,12.370555555555557,57.0,57,335.96112710148446,1.9140703611402572,True,380.0,-27.7918820329802,-32.776583520307305,27.7918820329802,2024-08-18 20:36:37,84.7918820329802,12.370555555555557,64.0,64,1.7584022884792707,True,0.0,-20.7918820329802,-24.5210762333275,-7.0,-27.791882032980197,-20.791882032980197
340402302,2024-08-25 09:05:16,2024-08-25 20:42:58,50.10945323531544,95.02045989407137,11.628333333333334,57.0,57,333.3446246632413,1.4281117124899798,True,380.0,-38.020459894071365,-40.01291925597551,38.020459894071365,2024-08-25 20:42:58,95.02045989407137,11.628333333333334,62.0,62,1.369503387485252,True,0.0,-33.020459894071365,-34.75089462930669,-5.0,-38.020459894071365,-33.020459894071365
340402302,2024-08-26 23:18:42,2024-08-27 01:08:30,29.83965613747678,32.13054132372207,1.83,67.0,67,228.8680452894085,1.2490340619061793,True,485.0,34.86945867627793,108.52434238490002,-34.86945867627793,2024-08-27 01:08:30,32.13054132372207,1.83,58.0,58,1.522507148971454,True,0.0,25.86945867627793,80.51360982573435,9.0,34.86945867627793,25.86945867627793
340402302,2024-09-02 23:15:59,2024-09-03 01:40:47,32.16678864736271,65.47154118741514,2.4133333333333336,84.0,84,235.4357376422432,1.6238101806912393,True,615.0,18.52845881258486,28.30001933137077,-18.52845881258486,2024-09-03 01:40:47,65.47154118741514,2.4133333333333336,73.0,73,1.7438130835948138,True,0.0,7.528458812584859,11.498826323691262,11.0,18.52845881258486,7.528458812584859
340402302,2024-09-08 08:10:25,2024-09-08 20:36:24,52.20517542183602,76.49846486062316,12.433055555555557,59.0,59,342.8882526534726,1.446731388472965,True,395.0,-17.49846486062316,-22.8742692974357,17.49846486062316,2024-09-08 20:36:24,76.49846486062316,12.433055555555557,65.0,65,1.655212501586555,True,0.0,-11.49846486062316,-15.030974649717294,-6.0,-17.49846486062316,-11.498464860623159
340402302,2024-09-09 23:38:10,2024-09-10 01:28:34,31.318363174751127,33.30396219858851,1.84,68.0,68,232.7446116811812,1.9168637266400612,True,490.0,34.69603780141149,104.17990986934878,-34.69603780141149,2024-09-10 01:28:34,33.30396219858851,1.84,59.0,59,1.7154975119171003,True,0.0,25.69603780141149,77.15609826899379,9.0,34.69603780141149,25.696037801411492
340402302,2024-09-15 07:59:23,2024-09-15 20:39:53,47.36790533228609,72.58928576389273,12.675,52.0,52,318.049320600114,1.7880328996177473,True,350.0,-20.58928576389273,-28.3640836897919,20.58928576389273,2024-09-15 20:39:53,72.58928576389273,12.675,58.0,58,1.5992331157790929,True,0.0,-14.589285763892732,-20.098401038614043,-6.0,-20.589285763892732,-14.589285763892732
340402302,2024-09-16 23:21:12,2024-09-17 01:13:30,28.849649779776847,29.88708721025226,1.8716666666666664,64.0,64,223.1165678138377,1.6012366702631726,True,470.0,34.11291278974774,114.13930220020195,-34.11291278974774,2024-09-17 01:13:30,29.88708721025226,1.8716666666666664,56.0,56,1.6440195392438564,True,0.0,26.11291278974774,87.37188942517672,8.0,34.11291278974774,26.11291278974774
340402302,2024-09-22 07:54:40,2024-09-22 20:49:42,51.23577024017285,76.95827733806388,12.917222222222222,57.0,57,336.1555819647056,1.8719177701683247,True,380.0,-19.95827733806388,-25.933893050114357,19.95827733806388,2024-09-22 20:49:42,76.95827733806388,12.917222222222222,64.0,64,1.535457468146069,True,0.0,-12.95827733806388,-16.838055354514363,-7.0,-19.95827733806388,-12.95827733806388
340402302,2024-09-23 23:09:01,2024-09-24 01:01:36,29.65600099902002,31.930864283130614,1.8763888888888889,67.0,67,225.85746507563104,1.71503725567877,True,475.0,35.06913571686938,109.82833225531184,-35.06913571686938,2024-09-24 01:01:36,31.930864283130614,1.8763888888888889,58.0,58,1.7682121294204731,True,0.0,26.069135716869383,81.64243687773264,9.0,35.06913571686938,26.069135716869386
340402302,2024-09-29 07:58:56,2024-09-29 20:19:05,50.26940843438732,76.58070275060011,12.335833333333332,56.0,56,333.3190045171646,1.5230734692676478,True,375.0,-20.58070275060011,-26.87452845349977,20.58070275060011,2024-09-29 20:19:05,76.58070275060011,12.335833333333332,62.0,62,1.2881136393403496,True,0.0,-14.58070275060011,-19.03965650208904,-6.0,-20.58070275060011,-14.58070275060011
340402302,2024-09-30 23:23:09,2024-09-30 23:59:51,11.839274218835898,15.154433793715553,0.6116666666666667,20.0,20,146.04899090821516,1.7390775218776444,True,155.0,4.845566206284447,31.97457768626019,-4.845566206284447,2024-09-30 23:59:51,15.154433793715553,0.6116666666666667,17.0,17,1.4250654234065918,True,0.0,1.8455662062844471,12.178391033321164,3.0,4.845566206284447,1.8455662062844471
345727782,2024-07-01 15:48:03,2024-07-02 01:09:24,28.71228336414427,59.98934552885858,9.355833333333331,48.0,48,226.02605231981536,1.5724128364854646,True,470.0,-11.989345528858578,-19.98579151541329,11.989345528858578,2024-07-02 01:09:24,59.98934552885858,9.355833333333331,61.0,61,1.7818391302226186,True,0.0,1.0106544711414216,1.684723282495613,-13.0,-11.989345528858578,1.0106544711414216
345727782,2024-07-15 16:08:25,2024-07-15 18:13:05,31.452431087765053,60.717431300639234,2.077777777777778,31.0,31,246.79855686453925,1.291441788928784,True,205.0,-29.717431300639237,-48.94382167370504,29.717431300639237,2024-07-15 18:13:05,60.717431300639234,2.077777777777778,31.0,31,1.1471969329542513,True,0.0,-29.717431300639237,-48.94382167370504,0.0,-29.717431300639234,-29.717431300639234
345727782,2024-08-05 17:10:10,2024-08-05 18:33:47,30.585902575345017,49.83998702981908,1.3936111111111111,30.0,30,242.12580318024288,1.3778870944371309,True,200.0,-19.83998702981908,-39.807367963296,19.83998702981908,2024-08-05 18:33:47,49.83998702981908,1.3936111111111111,30.0,30,1.2294046962836924,True,0.0,-19.83998702981908,-39.807367963296,0.0,-19.839987029819078,-19.839987029819078
345727782,2024-08-19 15:38:37,2024-08-19 16:57:44,31.39708757070782,60.493337814335945,1.3186111111111112,30.0,30,243.15584018890365,1.9655088482612448,True,200.0,-30.493337814335945,-50.40776210419244,30.493337814335945,2024-08-19 16:57:44,60.493337814335945,1.3186111111111112,30.0,30,1.947505699523216,True,0.0,-30.493337814335945,-50.40776210419244,0.0,-30.493337814335945,-30.493337814335945
345727782,2024-09-02 15:12:14,2024-09-03 16:09:42,32.5386889655005,65.04483662703531,24.95777777777778,35.0,35,249.9144572234212,1.581975937517384,True,225.0,-30.04483662703531,-46.19096331859713,30.04483662703531,2024-09-03 16:09:42,65.04483662703531,24.95777777777778,35.0,35,1.9372087940865896,True,0.0,-30.04483662703531,-46.19096331859713,0.0,-30.04483662703531,-30.04483662703531
345727782,2024-09-05 17:20:48,2024-09-05 22:25:49,150.09677631622873,259.137013303312,5.083611111111111,159.0,159,803.6736435442806,1.9514640919826096,True,1085.0,-100.13701330331202,-38.64249727463853,100.13701330331202,2024-09-05 22:25:49,259.137013303312,5.083611111111111,149.0,149,1.20021479018373,True,0.0,-110.13701330331202,-42.501459710195846,10.0,-100.13701330331202,-110.13701330331202
345727782,2024-09-07 17:22:14,2024-09-07 19:09:44,18.294940167311594,32.22500296512042,1.7916666666666667,20.0,20,180.693027596974,1.2676427028206014,True,125.0,-12.225002965120416,-37.93639050507605,12.225002965120416,2024-09-07 19:09:44,32.22500296512042,1.7916666666666667,29.0,29,1.6761959309065182,True,0.0,-3.2250029651204173,-10.007766232360272,-9.0,-12.225002965120417,-3.2250029651204173
345727782,2024-09-08 20:59:24,2024-09-08 23:08:24,60.02782197038851,113.25740234352124,2.15,61.0,61,377.0330071874405,1.8465722325534677,True,430.0,-52.25740234352124,-46.1403857604108,52.25740234352124,2024-09-08 23:08:24,113.25740234352124,2.15,59.0,59,1.0814496924943842,True,0.0,-54.25740234352124,-47.906274751872736,2.0,-52.257402343521235,-54.257402343521235
345727782,2024-09-09 15:22:13,2024-09-10 01:24:44,28.26669048053661,64.14878935868401,10.041944444444445,47.0,47,222.3768405305016,1.894187471969076,True,460.0,-17.148789358684013,-26.73283397882634,17.148789358684013,2024-09-10 01:24:44,64.14878935868401,10.041944444444445,62.0,62,1.872491326894628,True,0.0,-2.148789358684013,-3.3496958869624014,-15.0,-17.148789358684013,-2.148789358684013
345727782,2024-09-12 20:50:14,2024-09-12 23:11:06,60.89934229715264,84.20172620990408,2.347777777777778,62.0,62,381.67151485451967,1.7631649226576036,True,435.0,-22.20172620990408,-26.36730529081795,22.20172620990408,2024-09-12 23:11:06,84.20172620990408,2.347777777777778,59.0,59,1.9696286471105349,True,0.0,-25.20172620990408,-29.93017761545579,3.0,-22.20172620990408,-25.20172620990408
345727782,2024-09-13 15:02:28,2024-09-14 01:18:42,28.28875699153497,69.92762231810033,10.270555555555555,49.0,49,222.82847694691677,1.744338535649369,True,485.0,-20.927622318100333,-29.927547404515924,20.927622318100333,2024-09-14 01:18:42,69.92762231810033,10.270555555555555,64.0,64,1.928071976387836,True,0.0,-5.927622318100333,-8.476796609979981,-15.0,-20.927622318100333,-5.927622318100333
385831098,2024-07-01 09:59:34,2024-07-02 01:17:27,124.2915731773121,133.43566492246248,15.298055555555557,139.0,139,687.7573159839983,1.8973857658409172,True,1035.0,5.564335077537521,4.170050848677432,-5.564335077537521,2024-07-02 01:17:27,133.43566492246248,15.298055555555557,137.0,137,1.8585012736155304,True,0.0,3.564335077537521,2.671201196178476,2.0,5.564335077537521,3.564335077537521
385831098,2024-07-02 21:00:31,2024-07-02 23:38:03,37.46683636654504,68.27473002650356,2.625555555555556,61.0,61,269.0700165018294,1.2654895497659973,True,440.0,-7.274730026503562,-10.655084280347332,7.274730026503562,2024-07-02 23:38:03,68.27473002650356,2.625555555555556,55.0,55,1.656263543487965,True,0.0,-13.274730026503562,-19.44310877736235,6.0,-7.274730026503562,-13.274730026503562
385831098,2024-07-29 10:06:07,2024-07-29 19:10:22,129.1311328414196,209.0781782895803,9.070833333333333,159.0,159,709.2735541265279,1.889685330531564,True,1200.0,-50.07817828958031,-23.951891440444992,50.07817828958031,2024-07-29 19:10:22,209.0781782895803,9.070833333333333,160.0,160,1.2473164762642903,True,0.0,-49.07817828958031,-23.473601449504397,-1.0,-50.07817828958031,-49.07817828958031
385831098,2024-08-01 15:53:11,2024-08-01 22:13:17,204.8320264469744,230.9547525165915,6.335,250.0,250,1047.589534009277,1.7060370869300463,True,1770.0,19.045247483408502,8.246311139252402,-19.045247483408502,2024-08-01 22:13:17,230.9547525165915,6.335,208.0,208,1.1265991930952926,True,0.0,-22.954752516591498,-9.939069132142002,42.0,19.045247483408502,-22.954752516591498
385831098,2024-08-05 10:00:44,2024-08-06 01:48:51,125.00261203575312,185.3329012761596,15.801944444444445,145.0,145,692.1559041806253,1.5304889840612148,True,1090.0,-40.33290127615959,-21.76240753715964,40.33290127615959,2024-08-06 01:48:51,185.3329012761596,15.801944444444445,144.0,144,1.447266512936796,True,0.0,-41.33290127615959,-22.30197714035164,1.0,-40.33290127615959,-41.33290127615959
385831098,2024-08-19 10:04:06,2024-08-20 02:33:50,131.438736119264,170.22977101637483,16.495555555555555,162.0,162,717.6456285830377,1.7447814051715174,True,1360.0,-8.229771016374826,-4.834507481998072,8.229771016374826,2024-08-20 02:33:50,170.22977101637483,16.495555555555555,164.0,164,1.837951775534392,True,0.0,-6.229771016374826,-3.6596248583190354,-2.0,-8.229771016374826,-6.229771016374826
396636589,2024-09-11 02:29:21,2024-09-11 17:07:43,52.84456824916731,62.17740763956197,14.639444444444443,56.0,56,345.3856471287466,1.650995400606516,True,370.0,-6.17740763956197,-9.935132187195652,6.17740763956197,2024-09-11 17:07:43,62.17740763956197,14.639444444444443,61.0,61,1.218253704364404,True,0.0,-1.17740763956197,-1.8936261324809789,-5.0,-6.17740763956197,-1.1774076395619701
406647606,2024-07-09 00:47:50,2024-07-09 07:37:33,57.50224054518704,57.80834325601729,6.828611111111111,63.0,63,369.1102890647684,1.5604708348678915,True,420.0,5.191656743982712,8.980808740686944,-5.191656743982712,2024-07-09 07:37:33,57.80834325601729,6.828611111111111,66.0,66,1.2974516212772624,True,0.0,8.191656743982712,14.170371061672036,-3.0,5.191656743982712,8.191656743982712
406647606,2024-07-09 09:28:33,2024-07-09 23:37:14,34.43415650158197,76.99633554141869,14.144722222222224,91.0,91,239.2003159952504,1.9893806348985688,True,700.0,14.003664458581312,18.187442766088928,-14.003664458581312,2024-07-09 23:37:14,76.99633554141869,14.144722222222224,60.0,60,1.8711806988060529,True,0.0,-16.996335541418688,-22.074213560820485,31.0,14.003664458581312,-16.996335541418688
406647606,2024-09-03 00:56:11,2024-09-03 22:50:47,43.66905914095662,101.221134809467,21.91,46.0,46,301.08963797772003,1.6706544363514866,True,305.0,-55.221134809467,-54.55494538113228,55.221134809467,2024-09-03 22:50:47,101.221134809467,21.91,51.0,51,1.245175553661645,True,0.0,-50.221134809467,-49.61526553125536,-5.0,-55.221134809467,-50.221134809467
493087308,2024-08-07 03:07:11,2024-08-07 20:10:13,34.6747033270761,39.99975231046316,17.050555555555555,38.0,38,262.13500334159016,1.0137646858921523,True,280.0,-1.9997523104631585,-4.999411733707316,1.9997523104631585,2024-08-07 20:10:13,39.99975231046316,17.050555555555555,36.0,36,1.4991818722066632,True,0.0,-3.9997523104631583,-9.999442695091142,2.0,-1.9997523104631583,-3.9997523104631583
680520589,2024-07-01 05:30:54,2024-07-01 08:17:38,27.702525256987023,46.234133303284125,2.778888888888889,59.0,59,211.35864666469757,1.159731579361457,True,490.0,12.765866696715875,27.611346389852372,-12.765866696715875,2024-07-01 08:17:38,46.234133303284125,2.778888888888889,31.0,31,1.4149674354184316,True,0.0,-15.234133303284125,-32.94997054092502,28.0,12.765866696715875,-15.234133303284125
680520589,2024-07-01 17:49:39,2024-07-01 21:07:29,40.62419683971781,72.65416355001474,3.297222222222222,46.0,46,284.97129504409736,1.675823221432272,True,435.0,-26.654163550014744,-36.68635388206783,26.654163550014744,2024-07-01 21:07:29,72.65416355001474,3.297222222222222,50.0,50,1.2829882693805537,True,0.0,-22.654163550014744,-31.180819437030248,-4.0,-26.654163550014744,-22.654163550014744
680520589,2024-07-02 06:00:42,2024-07-02 08:52:24,42.58065228017055,62.88588298141983,2.861666666666667,74.0,74,278.0626121056906,1.903593861137528,True,590.0,11.114117018580169,17.6734689753246,-11.114117018580169,2024-07-02 08:52:24,62.88588298141983,2.861666666666667,51.0,51,1.4524925016515255,True,0.0,-11.885882981419831,-18.900717327816828,23.0,11.114117018580167,-11.885882981419833
680520589,2024-07-02 18:04:08,2024-07-02 22:42:47,29.12646300971403,66.2440672488276,4.644166666666667,43.0,43,228.2095778389613,1.606627631387453,True,425.0,-23.244067248827605,-35.088526737824935,23.244067248827605,2024-07-02 22:42:47,66.2440672488276,4.644166666666667,61.0,61,1.5913079989388248,True,0.0,-5.244067248827605,-7.9162821164493264,-18.0,-23.244067248827605,-5.244067248827605
680520589,2024-07-03 06:05:21,2024-07-03 09:03:32,42.61873777028931,57.93551162278536,2.9697222222222224,74.0,74,278.6695285740942,1.8087270524711363,True,590.0,16.064488377214637,27.72822389454253,-16.064488377214637,2024-07-03 09:03:32,57.93551162278536,2.9697222222222224,49.0,49,1.777911908126086,True,0.0,-8.935511622785363,-15.423203096856971,25.0,16.064488377214637,-8.935511622785363
680520589,2024-07-03 18:14:04,2024-07-03 21:20:23,32.52799324763499,60.68674049117095,3.105277777777778,35.0,35,246.9633470512152,1.6905466246625422,True,320.0,-25.68674049117095,-42.32677564040205,25.68674049117095,2024-07-03 21:20:23,60.68674049117095,3.105277777777778,37.0,37,1.4077169841546875,True,0.0,-23.68674049117095,-39.03116281985359,-2.0,-25.68674049117095,-23.68674049117095
680520589,2024-07-04 06:08:48,2024-07-04 09:13:03,43.15059532417097,59.89267405844872,3.0708333333333333,75.0,75,282.3704556422461,1.590666859620049,True,600.0,15.10732594155128,25.223996388620375,-15.10732594155128,2024-07-04 09:13:03,59.89267405844872,3.0708333333333333,50.0,50,1.70652371578088,True,0.0,-9.89267405844872,-16.517335740919744,25.0,15.10732594155128,-9.89267405844872
680520589,2024-07-04 18:24:30,2024-07-04 22:54:06,29.30269028047794,61.83592374556648,4.493333333333333,43.0,43,228.3817343001088,1.745768251811447,True,425.0,-18.835923745566483,-30.46113424790065,18.835923745566483,2024-07-04 22:54:06,61.83592374556648,4.493333333333333,61.0,61,1.6980744315771772,True,0.0,-0.8359237455664825,-1.3518416074869697,-18.0,-18.835923745566483,-0.8359237455664825
680520589,2024-07-05 06:49:08,2024-07-05 09:00:18,47.45756780468847,52.94490102063664,2.186111111111111,48.0,48,317.6344510971585,1.5574543135667684,True,350.0,-4.944901020636642,-9.339711521434785,4.944901020636642,2024-07-05 09:00:18,52.94490102063664,2.186111111111111,49.0,49,1.1157273958558118,True,0.0,-3.9449010206366415,-7.450955511464674,-1.0,-4.944901020636642,-3.9449010206366424
680520589,2024-07-05 17:51:33,2024-07-05 21:00:07,41.24727498527884,59.69081499474828,3.142777777777778,45.0,45,287.24053947193295,1.9562394976872544,True,405.0,-14.69081499474828,-24.6115168573939,14.69081499474828,2024-07-05 21:00:07,59.69081499474828,3.142777777777778,48.0,48,1.3515779633577751,True,0.0,-11.69081499474828,-19.585617981220164,-3.0,-14.69081499474828,-11.69081499474828
680520589,2024-07-06 05:58:21,2024-07-06 08:54:20,42.24610292689239,61.796094270193066,2.933055555555556,74.0,74,276.4984848635396,1.8704867756119392,True,590.0,12.203905729806934,19.74866838096175,-12.203905729806934,2024-07-06 08:54:20,61.796094270193066,2.933055555555556,52.0,52,1.6181034130754437,True,0.0,-9.796094270193066,-15.8522870836485,22.0,12.203905729806934,-9.796094270193066
680520589,2024-07-09 06:07:13,2024-07-09 07:25:22,15.200755918367369,23.48586691077105,1.3025,45.0,45,149.60877232469144,1.7181146900852593,True,395.0,21.51413308922895,91.60459424796524,-21.51413308922895,2024-07-09 07:25:22,23.48586691077105,1.3025,15.0,15,1.5989760096303405,True,0.0,-8.485866910771051,-36.13180191734492,30.0,21.51413308922895,-8.485866910771051
680520589,2024-07-09 18:06:04,2024-07-09 22:15:04,29.612956135115773,69.16925244894095,4.15,43.0,43,230.15171663825785,1.6998244512956149,True,420.0,-26.169252448940952,-37.83364937803608,26.169252448940952,2024-07-09 22:15:04,69.16925244894095,4.15,61.0,61,1.9093550953373173,True,0.0,-8.169252448940952,-11.810525861865132,-18.0,-26.169252448940952,-8.169252448940952
680520589,2024-07-10 06:18:20,2024-07-10 09:14:06,53.13156231977323,66.68985916579665,2.9294444444444445,69.0,69,337.2539482183794,1.4835072823199775,True,530.0,2.3101408342033523,3.4640061669048454,-2.3101408342033523,2024-07-10 09:14:06,66.68985916579665,2.9294444444444445,52.0,52,1.9224480844242555,True,0.0,-14.689859165796648,-22.027125787260115,17.0,2.3101408342033523,-14.689859165796648
680520589,2024-07-10 18:32:16,2024-07-10 22:06:22,40.86008937436534,66.22323621454356,3.5683333333333334,47.0,47,287.33600201636364,1.3988018812177554,True,450.0,-19.22323621454356,-29.027932359370052,19.22323621454356,2024-07-10 22:06:22,66.22323621454356,3.5683333333333334,50.0,50,1.405546936052828,True,0.0,-16.22323621454356,-24.49780038230857,-3.0,-19.22323621454356,-16.22323621454356
680520589,2024-07-11 05:56:48,2024-07-11 08:26:40,24.327379561757624,45.36440801402063,2.497777777777778,55.0,55,192.4631761477396,1.7380532903640966,True,465.0,9.635591985979367,21.24042263044924,-9.635591985979367,2024-07-11 08:26:40,45.36440801402063,2.497777777777778,29.0,29,1.777193127244005,True,0.0,-16.364408014020633,-36.07323170394495,26.0,9.635591985979367,-16.364408014020633
706899810,2024-07-02 15:01:33,2024-07-03 06:21:10,22.99554061061882,27.128808072346363,15.326944444444443,26.0,26,199.38594191378968,1.914417736552937,True,210.0,-1.128808072346363,-4.160920263566643,1.128808072346363,2024-07-03 06:21:10,27.128808072346363,15.326944444444443,22.0,22,1.7101443603074058,True,0.0,-5.128808072346363,-18.905394069171773,4.0,-1.128808072346363,-5.128808072346363
706899810,2024-07-21 15:51:20,2024-07-22 15:24:36,35.44875345390643,63.645766057329496,23.55444444444445,36.0,36,264.85622155439785,1.3799147883493448,True,265.0,-27.645766057329496,-43.43692875410962,27.645766057329496,2024-07-22 15:24:36,63.645766057329496,23.55444444444445,35.0,35,1.094601718438316,True,0.0,-28.645766057329496,-45.00812517760657,1.0,-27.645766057329496,-28.645766057329496
706899810,2024-07-23 02:34:56,2024-07-23 04:30:18,45.29126198998695,45.3126124619201,1.9227777777777777,50.0,50,308.22162468801565,1.2744702268999637,True,360.0,4.687387538079904,10.344553720046708,-4.687387538079904,2024-07-23 04:30:18,45.3126124619201,1.9227777777777777,45.0,45,1.1782084403547723,True,0.0,-0.3126124619200965,-0.6899016519579629,5.0,4.6873875380799035,-0.3126124619200965
706899810,2024-09-26 13:35:26,2024-09-26 14:37:29,27.50706104893042,40.33330448946538,1.034166666666667,26.0,26,223.98759060195837,1.9636797357195304,True,170.0,-14.333304489465377,-35.53714398285685,14.333304489465377,2024-09-26 14:37:29,40.33330448946538,1.034166666666667,27.0,27,1.0205202217396177,True,0.0,-13.333304489465377,-33.057803366812884,-1.0,-14.333304489465377,-13.333304489465377
706899810,2024-09-28 13:08:50,2024-09-29 05:04:37,31.508128580219683,38.24582673888874,15.929722222222225,31.0,31,242.84311780606689,1.5023585144784404,True,220.0,-7.245826738888738,-18.945404915305726,7.245826738888738,2024-09-29 05:04:37,38.24582673888874,15.929722222222225,31.0,31,1.8165065633534576,True,0.0,-7.245826738888738,-18.945404915305726,0.0,-7.245826738888738,-7.245826738888738
743497398,2024-07-01 15:18:59,2024-07-02 07:38:08,23.707843643624894,40.27534748560579,16.319166666666668,24.0,24,208.0746863787496,1.2821447846431957,True,165.0,-16.275347485605792,-40.41019755676229,16.275347485605792,2024-07-02 07:38:08,40.27534748560579,16.319166666666668,24.0,24,1.750610037250608,True,0.0,-16.275347485605792,-40.41019755676229,0.0,-16.275347485605792,-16.275347485605792
743497398,2024-07-05 15:34:40,2024-07-06 03:03:53,37.38779504950463,51.277508976297526,11.486944444444443,39.0,39,271.5594000258481,1.310576585574028,True,290.0,-12.277508976297526,-23.943263277419877,12.277508976297526,2024-07-06 03:03:53,51.277508976297526,11.486944444444443,36.0,36,1.5741193879390334,True,0.0,-15.277508976297526,-29.793781486849117,3.0,-12.277508976297526,-15.277508976297526
791860098,2024-07-02 20:54:00,2024-07-02 23:30:30,10.727663805063402,22.919943544634364,2.6083333333333334,22.0,22,139.30846844001428,1.9676661457193847,True,215.0,-0.9199435446343642,-4.01372517712735,0.9199435446343642,2024-07-02 23:30:30,22.919943544634364,2.6083333333333334,61.0,61,1.937629046056014,True,0.0,38.08005645536564,166.14376200887418,-39.0,-0.9199435446343642,38.080056455365636
791860098,2024-07-15 12:09:58,2024-07-15 16:31:28,28.32283067587317,50.59488124550779,4.358333333333333,30.0,30,225.10130492796603,1.946391449087528,True,215.0,-20.594881245507796,-40.70546414680312,20.594881245507796,2024-07-15 16:31:28,50.59488124550779,4.358333333333333,38.0,38,1.4515718712577643,True,0.0,-12.594881245507793,-24.89358791928396,-8.0,-20.594881245507793,-12.594881245507793
791860098,2024-07-17 21:39:50,2024-07-17 22:37:40,19.652549310872427,38.43851953269248,0.9638888888888888,19.0,19,185.21557168752537,1.7506739924178674,True,135.0,-19.43851953269248,-50.57041678246675,19.43851953269248,2024-07-17 22:37:40,38.43851953269248,0.9638888888888888,22.0,22,1.7254460647864769,True,0.0,-16.43851953269248,-42.76574574811941,-3.0,-19.43851953269248,-16.43851953269248
791860098,2024-07-17 23:40:21,2024-07-18 18:24:07,99.27066419958328,149.6669631771907,18.729444444444443,105.0,105,565.1470981277341,1.437894453008664,True,715.0,-44.666963177190695,-29.84423698388901,44.666963177190695,2024-07-18 18:24:07,149.6669631771907,18.729444444444443,113.0,113,1.62606496592948,True,0.0,-36.666963177190695,-24.49903599218532,-8.0,-44.666963177190695,-36.666963177190695
791860098,2024-08-04 19:19:07,2024-08-05 19:23:42,76.00588324450756,148.61560856672875,24.07638888888889,83.0,83,454.5674508101391,1.56782504083085,True,540.0,-65.61560856672875,-44.151222875938494,65.61560856672875,2024-08-05 19:23:42,148.61560856672875,24.07638888888889,94.0,94,1.3359216096758204,True,0.0,-54.61560856672875,-36.749577714918296,-11.0,-65.61560856672875,-54.61560856672875
791860098,2024-08-14 02:26:36,2024-08-14 17:28:22,40.566946791375415,45.423384815616025,15.029444444444444,39.0,39,286.74306452955767,1.8526338028084268,True,270.0,-6.423384815616025,-14.141140827989862,6.423384815616025,2024-08-14 17:28:22,45.423384815616025,15.029444444444444,39.0,39,1.7323312896962195,True,0.0,-6.423384815616025,-14.141140827989862,0.0,-6.423384815616025,-6.423384815616025
791860098,2024-08-15 20:25:33,2024-08-15 22:16:46,29.208995884423533,57.21501903197981,1.853611111111111,54.0,54,227.16532437131607,1.6140951569637134,True,390.0,-3.215019031979807,-5.61918721058679,3.215019031979807,2024-08-15 22:16:46,57.21501903197981,1.853611111111111,48.0,48,1.6802284745931984,True,0.0,-9.215019031979809,-16.105944187188257,6.0,-3.215019031979807,-9.215019031979807
791860098,2024-09-02 18:43:37,2024-09-03 00:08:06,68.6113611032837,121.33080870084284,5.408055555555555,81.0,81,418.54224366781193,1.3600019943569936,True,535.0,-40.33080870084284,-33.24036914670517,40.33080870084284,2024-09-03 00:08:06,121.33080870084284,5.408055555555555,112.0,112,1.5911054660181685,True,0.0,-9.330808700842836,-7.690386968283695,-31.0,-40.33080870084284,-9.330808700842837
791860098,2024-09-17 22:27:42,2024-09-18 17:02:05,121.33748911553684,182.60508992673184,18.573055555555555,128.0,128,668.9089073335409,1.6112844765396468,True,875.0,-54.60508992673184,-29.90337780214204,54.60508992673184,2024-09-18 17:02:05,182.60508992673184,18.573055555555555,137.0,137,1.5422149560869534,True,0.0,-45.60508992673184,-24.97470905385515,-9.0,-54.605089926731836,-45.605089926731836
791860098,2024-09-29 00:16:32,2024-09-29 03:38:52,53.53374660096317,99.03958682112024,3.3722222222222222,57.0,57,350.2904470747462,1.955240205523901,True,390.0,-42.03958682112024,-42.44725586047707,42.03958682112024,2024-09-29 03:38:52,99.03958682112024,3.3722222222222222,57.0,57,1.8996503494009345,True,0.0,-42.03958682112024,-42.44725586047707,0.0,-42.03958682112024,-42.03958682112024
