MMSI,route_start_time,route_end_time_ppo,initial_distance_km,historical_route_distance_km_ppo,historical_duration_hours_ppo,ppo_distance_km,ppo_steps,ppo_reward,final_distance_km,destination_reached,total_turning_degrees,distance_difference_km,distance_change_percent,absolute_distance_savings_km,route_end_time_baseline,historical_route_distance_km_baseline,historical_duration_hours_baseline,baseline_distance_km,baseline_steps,baseline_final_distance_km,baseline_destination_reached,baseline_turning_degrees,baseline_difference_km,baseline_change_percent,ppo_minus_baseline_km,ppo_vs_baseline_percent
243681675,2024-07-06 07:23:38,2024-07-06 09:16:38,26.5869262105298,29.21168699808779,1.8833333333333333,29.0,29,271.91916881611644,1.4500795307593746,True,11.669831474337968,-0.2116869980877886,-0.7246654330564537,0.2116869980877886,2024-07-06 09:16:38,29.21168699808779,1.8833333333333333,29.0,29,1.4500795307593746,True,0.0,-0.2116869980877886,-0.7246654330564537,0.0,0.0
340402302,2024-07-08 22:56:12,2024-07-09 01:28:35,28.80584537389853,58.780548371567306,2.539722222222222,73.0,73,241.9898851336918,1.9022285048075251,True,19.88646625173712,14.219451628432694,24.19074340468517,-14.219451628432694,2024-07-09 01:28:35,58.780548371567306,2.539722222222222,73.0,73,1.895379138544372,True,0.0,14.219451628432694,24.19074340468517,0.0,0.0
340402302,2024-07-14 07:36:30,2024-07-14 20:39:06,51.43810968564296,89.95021205382177,13.043333333333331,64.0,64,437.06938217535617,1.3011478937599477,True,1.6822972539010834,-25.95021205382177,-28.84952849059927,25.95021205382177,2024-07-14 20:39:06,89.95021205382177,13.043333333333331,64.0,64,1.3011478937599477,True,0.0,-25.95021205382177,-28.84952849059927,0.0,0.0
340402302,2024-07-15 22:54:11,2024-07-16 01:40:47,28.44987405505988,41.62109767544612,2.776666666666667,74.0,74,239.09157709747265,1.8038859567021897,True,5.050824998348759,32.37890232455388,77.79444592509013,-32.37890232455388,2024-07-16 01:40:47,41.62109767544612,2.776666666666667,74.0,74,1.8038859567021897,True,0.0,32.37890232455388,77.79444592509013,0.0,0.0
340402302,2024-07-21 07:38:46,2024-07-21 20:05:53,50.18559041576975,83.92931359860471,12.451944444444443,62.0,62,424.4917490264175,1.873350297800132,True,0.3425097669229444,-21.929313598604708,-26.12831281271109,21.929313598604708,2024-07-21 20:05:53,83.92931359860471,12.451944444444443,62.0,62,1.873350297800132,True,0.0,-21.929313598604708,-26.12831281271109,0.0,0.0
340402302,2024-07-28 07:29:21,2024-07-28 20:08:07,50.24114636291907,100.40978378359662,12.64611111111111,62.0,62,428.9259128455898,1.374418439218321,True,0.4573333822425525,-38.40978378359662,-38.253029073718025,38.40978378359662,2024-07-28 20:08:07,100.40978378359662,12.64611111111111,62.0,62,1.374418439218321,True,0.0,-38.40978378359662,-38.253029073718025,0.0,0.0
340402302,2024-07-29 22:43:42,2024-07-30 01:36:48,28.98303310156161,41.96583866792909,2.885,74.0,74,242.01842099201636,1.979430578071431,True,0.6551203125920324,32.03416133207091,76.33390002176195,-32.03416133207091,2024-07-30 01:36:48,41.96583866792909,2.885,74.0,74,1.979430578071431,True,0.0,32.03416133207091,76.33390002176195,0.0,0.0
340402302,2024-08-04 07:50:49,2024-08-04 20:50:11,50.548998504322746,79.19142534129384,12.989444444444445,62.0,62,431.5254838500199,1.3547106198341046,True,1.8508115954507505,-17.191425341293836,-21.70869543918852,17.191425341293836,2024-08-04 20:50:11,79.19142534129384,12.989444444444445,62.0,62,1.3547106198341046,True,0.0,-17.191425341293836,-21.70869543918852,0.0,0.0
340402302,2024-08-05 23:09:27,2024-08-06 01:14:39,31.28766998872496,32.76829440749144,2.0866666666666664,65.0,65,268.61122133908805,1.38633929859519,True,605.5892086844178,32.23170559250856,98.3624756042835,-32.23170559250856,2024-08-06 01:14:39,32.76829440749144,2.0866666666666664,63.0,63,1.7155558427510158,True,0.0,30.23170559250856,92.2590148164594,2.0,3.1746031746031744
340402302,2024-08-18 08:14:23,2024-08-18 20:36:37,51.24439323909894,84.7918820329802,12.370555555555557,64.0,64,431.8764688819142,1.7584022884792707,True,0.6933037650589426,-20.7918820329802,-24.5210762333275,20.7918820329802,2024-08-18 20:36:37,84.7918820329802,12.370555555555557,64.0,64,1.7584022884792707,True,0.0,-20.7918820329802,-24.5210762333275,0.0,0.0
340402302,2024-08-25 09:05:16,2024-08-25 20:42:58,50.10945323531544,95.02045989407137,11.628333333333334,62.0,62,427.8815345494461,1.369503387485252,True,2.4677558387470526,-33.020459894071365,-34.75089462930669,33.020459894071365,2024-08-25 20:42:58,95.02045989407137,11.628333333333334,62.0,62,1.369503387485252,True,0.0,-33.020459894071365,-34.75089462930669,0.0,0.0
340402302,2024-08-26 23:18:42,2024-08-27 01:08:30,29.83965613747678,32.13054132372207,1.83,59.0,59,260.3587049287658,1.7182420791661963,True,606.7355804576127,26.86945867627793,83.62591344341944,-26.86945867627793,2024-08-27 01:08:30,32.13054132372207,1.83,58.0,58,1.522507148971454,True,0.0,25.86945867627793,80.51360982573435,1.0,1.7241379310344827
340402302,2024-09-02 23:15:59,2024-09-03 01:40:47,32.16678864736271,65.47154118741514,2.4133333333333336,73.0,73,270.1760600494341,1.7497941404689423,True,14.604445364538236,7.528458812584859,11.498826323691262,-7.528458812584859,2024-09-03 01:40:47,65.47154118741514,2.4133333333333336,73.0,73,1.7438130835948138,True,0.0,7.528458812584859,11.498826323691262,0.0,0.0
340402302,2024-09-08 08:10:25,2024-09-08 20:36:24,52.20517542183602,76.49846486062316,12.433055555555557,65.0,65,439.3220989774023,1.655212501586555,True,5.10146847389808,-11.49846486062316,-15.030974649717294,11.49846486062316,2024-09-08 20:36:24,76.49846486062316,12.433055555555557,65.0,65,1.655212501586555,True,0.0,-11.49846486062316,-15.030974649717294,0.0,0.0
340402302,2024-09-09 23:38:10,2024-09-10 01:28:34,31.318363174751127,33.30396219858851,1.84,60.0,60,269.3282558277554,1.947644728812942,True,612.5238905756271,26.69603780141149,80.15874400236656,-26.69603780141149,2024-09-10 01:28:34,33.30396219858851,1.84,59.0,59,1.7154975119171003,True,0.0,25.69603780141149,77.15609826899379,1.0,1.694915254237288
340402302,2024-09-15 07:59:23,2024-09-15 20:39:53,47.36790533228609,72.58928576389273,12.675,58.0,58,408.1317788571096,1.5992331157790929,True,1.107688528923518,-14.589285763892732,-20.098401038614043,14.589285763892732,2024-09-15 20:39:53,72.58928576389273,12.675,58.0,58,1.5992331157790929,True,0.0,-14.589285763892732,-20.098401038614043,0.0,0.0
340402302,2024-09-16 23:21:12,2024-09-17 01:13:30,28.849649779776847,29.88708721025226,1.8716666666666664,57.0,57,253.38874629787983,1.875699157799168,True,584.9071150853487,27.11291278974774,90.71781602205488,-27.11291278974774,2024-09-17 01:13:30,29.88708721025226,1.8716666666666664,56.0,56,1.6440195392438564,True,0.0,26.11291278974774,87.37188942517672,1.0,1.7857142857142856
340402302,2024-09-22 07:54:40,2024-09-22 20:49:42,51.23577024017285,76.95827733806388,12.917222222222222,64.0,64,433.58494662522736,1.535457468146069,True,1.0993058093485502,-12.95827733806388,-16.838055354514363,12.95827733806388,2024-09-22 20:49:42,76.95827733806388,12.917222222222222,64.0,64,1.535457468146069,True,0.0,-12.95827733806388,-16.838055354514363,0.0,0.0
340402302,2024-09-23 23:09:01,2024-09-24 01:01:36,29.65600099902002,31.930864283130614,1.8763888888888889,60.0,60,260.22034411075003,1.4183273492071111,True,611.0435585179829,28.069135716869383,87.90596918386134,-28.069135716869383,2024-09-24 01:01:36,31.930864283130614,1.8763888888888889,58.0,58,1.7682121294204731,True,0.0,26.069135716869383,81.64243687773264,2.0,3.4482758620689653
340402302,2024-09-29 07:58:56,2024-09-29 20:19:05,50.26940843438732,76.58070275060011,12.335833333333332,62.0,62,429.8214410902256,1.2881136393403496,True,1.857556066211316,-14.58070275060011,-19.03965650208904,14.58070275060011,2024-09-29 20:19:05,76.58070275060011,12.335833333333332,62.0,62,1.2881136393403496,True,0.0,-14.58070275060011,-19.03965650208904,0.0,0.0
340402302,2024-09-30 23:23:09,2024-09-30 23:59:51,11.839274218835898,15.154433793715553,0.6116666666666667,17.0,17,161.32065238502787,1.8185931154452728,True,188.71362033179255,1.8455662062844471,12.178391033321164,-1.8455662062844471,2024-09-30 23:59:51,15.154433793715553,0.6116666666666667,17.0,17,1.4250654234065918,True,0.0,1.8455662062844471,12.178391033321164,0.0,0.0
345727782,2024-07-01 15:48:03,2024-07-02 01:09:24,28.71228336414427,59.98934552885858,9.355833333333331,61.0,61,253.67849781806456,1.7818391302226186,True,50.96531212915488,1.0106544711414216,1.684723282495613,-1.0106544711414216,2024-07-02 01:09:24,59.98934552885858,9.355833333333331,61.0,61,1.7818391302226186,True,0.0,1.0106544711414216,1.684723282495613,0.0,0.0
345727782,2024-07-15 16:08:25,2024-07-15 18:13:05,31.452431087765053,60.717431300639234,2.077777777777778,31.0,31,311.4306978520423,1.1471969329542513,True,0.7005357750123267,-29.717431300639237,-48.94382167370504,29.717431300639237,2024-07-15 18:13:05,60.717431300639234,2.077777777777778,31.0,31,1.1471969329542513,True,0.0,-29.717431300639237,-48.94382167370504,0.0,0.0
345727782,2024-08-05 17:10:10,2024-08-05 18:33:47,30.585902575345017,49.83998702981908,1.3936111111111111,30.0,30,304.83716375315817,1.2294046962836924,True,0.9448694909206096,-19.83998702981908,-39.807367963296,19.83998702981908,2024-08-05 18:33:47,49.83998702981908,1.3936111111111111,30.0,30,1.2294046962836924,True,0.0,-19.83998702981908,-39.807367963296,0.0,0.0
345727782,2024-08-19 15:38:37,2024-08-19 16:57:44,31.39708757070782,60.493337814335945,1.3186111111111112,30.0,30,305.5839640570517,1.947505699523216,True,0.8032852327921773,-30.493337814335945,-50.40776210419244,30.493337814335945,2024-08-19 16:57:44,60.493337814335945,1.3186111111111112,30.0,30,1.947505699523216,True,0.0,-30.493337814335945,-50.40776210419244,0.0,0.0
345727782,2024-09-02 15:12:14,2024-09-03 16:09:42,32.5386889655005,65.04483662703531,24.95777777777778,35.0,35,309.55119971532,1.9372087940865896,True,17.331682216988384,-30.04483662703531,-46.19096331859713,30.04483662703531,2024-09-03 16:09:42,65.04483662703531,24.95777777777778,35.0,35,1.9372087940865896,True,0.0,-30.04483662703531,-46.19096331859713,0.0,0.0
345727782,2024-09-05 17:20:48,2024-09-05 22:25:49,150.09677631622873,259.137013303312,5.083611111111111,149.0,149,1125.1216470189754,1.5897416352041696,True,1520.4335192372712,-110.13701330331202,-42.501459710195846,110.13701330331202,2024-09-05 22:25:49,259.137013303312,5.083611111111111,149.0,149,1.20021479018373,True,0.0,-110.13701330331202,-42.501459710195846,0.0,0.0
345727782,2024-09-07 17:22:14,2024-09-07 19:09:44,18.294940167311594,32.22500296512042,1.7916666666666667,29.0,29,203.9302296683943,1.6761959309065182,True,1.2905964439988793,-3.2250029651204173,-10.007766232360272,3.2250029651204173,2024-09-07 19:09:44,32.22500296512042,1.7916666666666667,29.0,29,1.6761959309065182,True,0.0,-3.2250029651204173,-10.007766232360272,0.0,0.0
345727782,2024-09-08 20:59:24,2024-09-08 23:08:24,60.02782197038851,113.25740234352124,2.15,59.0,59,506.0390833739865,1.1989067058991791,True,604.6551087132474,-54.25740234352124,-47.906274751872736,54.25740234352124,2024-09-08 23:08:24,113.25740234352124,2.15,59.0,59,1.0814496924943842,True,0.0,-54.25740234352124,-47.906274751872736,0.0,0.0
345727782,2024-09-09 15:22:13,2024-09-10 01:24:44,28.26669048053661,64.14878935868401,10.041944444444445,62.0,62,248.35856163357303,1.872491326894628,True,52.96452365937876,-2.148789358684013,-3.3496958869624014,2.148789358684013,2024-09-10 01:24:44,64.14878935868401,10.041944444444445,62.0,62,1.872491326894628,True,0.0,-2.148789358684013,-3.3496958869624014,0.0,0.0
345727782,2024-09-12 20:50:14,2024-09-12 23:11:06,60.89934229715264,84.20172620990408,2.347777777777778,60.0,60,512.7856106221991,1.0940738604336693,True,612.8027502655,-24.20172620990408,-28.742553507243173,24.20172620990408,2024-09-12 23:11:06,84.20172620990408,2.347777777777778,59.0,59,1.9696286471105349,True,0.0,-25.20172620990408,-29.93017761545579,1.0,1.694915254237288
345727782,2024-09-13 15:02:28,2024-09-14 01:18:42,28.28875699153497,69.92762231810033,10.270555555555555,64.0,64,246.0323849574762,1.928071976387836,True,56.83554259606217,-5.927622318100333,-8.476796609979981,5.927622318100333,2024-09-14 01:18:42,69.92762231810033,10.270555555555555,64.0,64,1.928071976387836,True,0.0,-5.927622318100333,-8.476796609979981,0.0,0.0
385831098,2024-07-01 09:59:34,2024-07-02 01:17:27,124.2915731773121,133.43566492246248,15.298055555555557,137.0,137,941.251511498614,1.8585012736155304,True,80.70004518764915,3.564335077537521,2.671201196178476,-3.564335077537521,2024-07-02 01:17:27,133.43566492246248,15.298055555555557,137.0,137,1.8585012736155304,True,0.0,3.564335077537521,2.671201196178476,0.0,0.0
385831098,2024-07-02 21:00:31,2024-07-02 23:38:03,37.46683636654504,68.27473002650356,2.625555555555556,56.0,56,326.2037882979298,1.5319798404431817,True,571.9344589946313,-12.274730026503562,-17.97843802785985,12.274730026503562,2024-07-02 23:38:03,68.27473002650356,2.625555555555556,55.0,55,1.656263543487965,True,0.0,-13.274730026503562,-19.44310877736235,1.0,1.8181818181818181
385831098,2024-07-29 10:06:07,2024-07-29 19:10:22,129.1311328414196,209.0781782895803,9.070833333333333,160.0,160,961.9572786755002,1.2473164762642903,True,74.03910939267735,-49.07817828958031,-23.473601449504397,49.07817828958031,2024-07-29 19:10:22,209.0781782895803,9.070833333333333,160.0,160,1.2473164762642903,True,0.0,-49.07817828958031,-23.473601449504397,0.0,0.0
385831098,2024-08-01 15:53:11,2024-08-01 22:13:17,204.8320264469744,230.9547525165915,6.335,208.0,208,1497.9338386492996,1.578348350219019,True,2163.02502295688,-22.954752516591498,-9.939069132142002,22.954752516591498,2024-08-01 22:13:17,230.9547525165915,6.335,208.0,208,1.1265991930952926,True,0.0,-22.954752516591498,-9.939069132142002,0.0,0.0
385831098,2024-08-05 10:00:44,2024-08-06 01:48:51,125.00261203575312,185.3329012761596,15.801944444444445,144.0,144,943.2911990809108,1.447266512936796,True,76.59873720664905,-41.33290127615959,-22.30197714035164,41.33290127615959,2024-08-06 01:48:51,185.3329012761596,15.801944444444445,144.0,144,1.447266512936796,True,0.0,-41.33290127615959,-22.30197714035164,0.0,0.0
385831098,2024-08-19 10:04:06,2024-08-20 02:33:50,131.438736119264,170.22977101637483,16.495555555555555,164.0,164,971.72348114759,1.837951775534392,True,72.00669343487903,-6.229771016374826,-3.6596248583190354,6.229771016374826,2024-08-20 02:33:50,170.22977101637483,16.495555555555555,164.0,164,1.837951775534392,True,0.0,-6.229771016374826,-3.6596248583190354,0.0,0.0
396636589,2024-09-11 02:29:21,2024-09-11 17:07:43,52.84456824916731,62.17740763956197,14.639444444444443,61.0,61,451.8708496688021,1.218253704364404,True,9.23724935707412,-1.17740763956197,-1.8936261324809789,1.17740763956197,2024-09-11 17:07:43,62.17740763956197,14.639444444444443,61.0,61,1.218253704364404,True,0.0,-1.17740763956197,-1.8936261324809789,0.0,0.0
406647606,2024-07-09 00:47:50,2024-07-09 07:37:33,57.50224054518704,57.80834325601729,6.828611111111111,66.0,66,483.4898196073398,1.2974516212772624,True,9.8193562498833,8.191656743982712,14.170371061672036,-8.191656743982712,2024-07-09 07:37:33,57.80834325601729,6.828611111111111,66.0,66,1.2974516212772624,True,0.0,8.191656743982712,14.170371061672036,0.0,0.0
406647606,2024-07-09 09:28:33,2024-07-09 23:37:14,34.43415650158197,76.99633554141869,14.144722222222224,62.0,62,294.72778524798343,1.3523461516109951,True,768.5684616772752,-14.996335541418688,-19.47668734618117,14.996335541418688,2024-07-09 23:37:14,76.99633554141869,14.144722222222224,60.0,60,1.8711806988060529,True,0.0,-16.996335541418688,-22.074213560820485,2.0,3.3333333333333335
406647606,2024-09-03 00:56:11,2024-09-03 22:50:47,43.66905914095662,101.221134809467,21.91,51.0,51,388.31235749527104,1.245175553661645,True,5.18646593195308,-50.221134809467,-49.61526553125536,50.221134809467,2024-09-03 22:50:47,101.221134809467,21.91,51.0,51,1.245175553661645,True,0.0,-50.221134809467,-49.61526553125536,0.0,0.0
493087308,2024-08-07 03:07:11,2024-08-07 20:10:13,34.6747033270761,39.99975231046316,17.050555555555555,36.0,36,328.4786213034258,1.4991818722066632,True,61.65515462929443,-3.9997523104631583,-9.999442695091142,3.9997523104631583,2024-08-07 20:10:13,39.99975231046316,17.050555555555555,36.0,36,1.4991818722066632,True,0.0,-3.9997523104631583,-9.999442695091142,0.0,0.0
680520589,2024-07-01 05:30:54,2024-07-01 08:17:38,27.702525256987023,46.234133303284125,2.778888888888889,30.0,30,272.6745913200164,1.8819594236086408,True,380.14303201684766,-16.234133303284125,-35.11287471702422,16.234133303284125,2024-07-01 08:17:38,46.234133303284125,2.778888888888889,31.0,31,1.4149674354184316,True,0.0,-15.234133303284125,-32.94997054092502,-1.0,-3.225806451612903
680520589,2024-07-01 17:49:39,2024-07-01 21:07:29,40.62419683971781,72.65416355001474,3.297222222222222,50.0,50,364.6780175138995,1.2829882693805537,True,3.387042916190524,-22.654163550014744,-31.180819437030248,22.654163550014744,2024-07-01 21:07:29,72.65416355001474,3.297222222222222,50.0,50,1.2829882693805537,True,0.0,-22.654163550014744,-31.180819437030248,0.0,0.0
680520589,2024-07-02 06:00:42,2024-07-02 08:52:24,42.58065228017055,62.88588298141983,2.861666666666667,50.0,50,371.2393732297828,1.6172678774413534,True,662.6985056523026,-12.885882981419831,-20.49089934099689,12.885882981419831,2024-07-02 08:52:24,62.88588298141983,2.861666666666667,51.0,51,1.4524925016515255,True,0.0,-11.885882981419831,-18.900717327816828,-1.0,-1.9607843137254901
680520589,2024-07-02 18:04:08,2024-07-02 22:42:47,29.12646300971403,66.2440672488276,4.644166666666667,61.0,61,259.0956436714108,1.5913079989388248,True,12.333770928381,-5.244067248827605,-7.9162821164493264,5.244067248827605,2024-07-02 22:42:47,66.2440672488276,4.644166666666667,61.0,61,1.5913079989388248,True,0.0,-5.244067248827605,-7.9162821164493264,0.0,0.0
680520589,2024-07-03 06:05:21,2024-07-03 09:03:32,42.61873777028931,57.93551162278536,2.9697222222222224,49.0,49,375.3451612902306,1.3186429475982384,True,615.0948514282771,-8.935511622785363,-15.423203096856971,8.935511622785363,2024-07-03 09:03:32,57.93551162278536,2.9697222222222224,49.0,49,1.777911908126086,True,0.0,-8.935511622785363,-15.423203096856971,0.0,0.0
680520589,2024-07-03 18:14:04,2024-07-03 21:20:23,32.52799324763499,60.68674049117095,3.105277777777778,37.0,37,311.8953269123691,1.4077169841546875,True,4.413959896738675,-23.68674049117095,-39.03116281985359,23.68674049117095,2024-07-03 21:20:23,60.68674049117095,3.105277777777778,37.0,37,1.4077169841546875,True,0.0,-23.68674049117095,-39.03116281985359,0.0,0.0
680520589,2024-07-04 06:08:48,2024-07-04 09:13:03,43.15059532417097,59.89267405844872,3.0708333333333333,49.0,49,374.57071018967264,1.9390507859490853,True,624.0446103935974,-10.89267405844872,-18.18698902610135,10.89267405844872,2024-07-04 09:13:03,59.89267405844872,3.0708333333333333,50.0,50,1.70652371578088,True,0.0,-9.89267405844872,-16.517335740919744,-1.0,-2.0
680520589,2024-07-04 18:24:30,2024-07-04 22:54:06,29.30269028047794,61.83592374556648,4.493333333333333,61.0,61,259.50242285669395,1.6980744315771772,True,22.260873798948865,-0.8359237455664825,-1.3518416074869697,0.8359237455664825,2024-07-04 22:54:06,61.83592374556648,4.493333333333333,61.0,61,1.6980744315771772,True,0.0,-0.8359237455664825,-1.3518416074869697,0.0,0.0
680520589,2024-07-05 06:49:08,2024-07-05 09:00:18,47.45756780468847,52.94490102063664,2.186111111111111,48.0,48,411.1009085004061,1.9366465008778333,True,526.5527885071401,-4.944901020636642,-9.339711521434785,4.944901020636642,2024-07-05 09:00:18,52.94490102063664,2.186111111111111,49.0,49,1.1157273958558118,True,0.0,-3.9449010206366415,-7.450955511464674,-1.0,-2.0408163265306123
680520589,2024-07-05 17:51:33,2024-07-05 21:00:07,41.24727498527884,59.69081499474828,3.142777777777778,48.0,48,371.1426084589616,1.3515779633577751,True,1.4740424618935322,-11.69081499474828,-19.585617981220164,11.69081499474828,2024-07-05 21:00:07,59.69081499474828,3.142777777777778,48.0,48,1.3515779633577751,True,0.0,-11.69081499474828,-19.585617981220164,0.0,0.0
680520589,2024-07-06 05:58:21,2024-07-06 08:54:20,42.24610292689239,61.796094270193066,2.933055555555556,51.0,51,366.9463765682364,1.617132756144926,True,731.6740921346625,-10.796094270193066,-17.470512332039874,10.796094270193066,2024-07-06 08:54:20,61.796094270193066,2.933055555555556,52.0,52,1.6181034130754437,True,0.0,-9.796094270193066,-15.8522870836485,-1.0,-1.9230769230769231
680520589,2024-07-09 06:07:13,2024-07-09 07:25:22,15.200755918367369,23.48586691077105,1.3025,15.0,15,192.44922791266663,1.4554551660779609,True,221.13324487287628,-8.485866910771051,-36.13180191734492,8.485866910771051,2024-07-09 07:25:22,23.48586691077105,1.3025,15.0,15,1.5989760096303405,True,0.0,-8.485866910771051,-36.13180191734492,0.0,0.0
680520589,2024-07-09 18:06:04,2024-07-09 22:15:04,29.612956135115773,69.16925244894095,4.15,61.0,61,260.2508636570791,1.9093550953373173,True,25.156848540817805,-8.169252448940952,-11.810525861865132,8.169252448940952,2024-07-09 22:15:04,69.16925244894095,4.15,61.0,61,1.9093550953373173,True,0.0,-8.169252448940952,-11.810525861865132,0.0,0.0
680520589,2024-07-10 06:18:20,2024-07-10 09:14:06,53.13156231977323,66.68985916579665,2.9294444444444445,52.0,52,450.2556108432478,1.915404007449247,True,698.863285497139,-14.689859165796648,-22.027125787260115,14.689859165796648,2024-07-10 09:14:06,66.68985916579665,2.9294444444444445,52.0,52,1.9224480844242555,True,0.0,-14.689859165796648,-22.027125787260115,0.0,0.0
680520589,2024-07-10 18:32:16,2024-07-10 22:06:22,40.86008937436534,66.22323621454356,3.5683333333333334,50.0,50,365.55490853112286,1.405546936052828,True,5.3722990019391546,-16.22323621454356,-24.49780038230857,16.22323621454356,2024-07-10 22:06:22,66.22323621454356,3.5683333333333334,50.0,50,1.405546936052828,True,0.0,-16.22323621454356,-24.49780038230857,0.0,0.0
680520589,2024-07-11 05:56:48,2024-07-11 08:26:40,24.327379561757624,45.36440801402063,2.497777777777778,28.0,28,247.12832649749183,1.8864120404387943,True,437.58135358693823,-17.364408014020633,-38.27760302449857,17.364408014020633,2024-07-11 08:26:40,45.36440801402063,2.497777777777778,29.0,29,1.777193127244005,True,0.0,-16.364408014020633,-36.07323170394495,-1.0,-3.4482758620689653
706899810,2024-07-02 15:01:33,2024-07-03 06:21:10,22.99554061061882,27.128808072346363,15.326944444444443,22.0,22,246.70613681931724,1.7101443603074058,True,105.10416052272524,-5.128808072346363,-18.905394069171773,5.128808072346363,2024-07-03 06:21:10,27.128808072346363,15.326944444444443,22.0,22,1.7101443603074058,True,0.0,-5.128808072346363,-18.905394069171773,0.0,0.0
706899810,2024-07-21 15:51:20,2024-07-22 15:24:36,35.44875345390643,63.645766057329496,23.55444444444445,35.0,35,338.8435823285454,1.094601718438316,True,65.92533083403305,-28.645766057329496,-45.00812517760657,28.645766057329496,2024-07-22 15:24:36,63.645766057329496,23.55444444444445,35.0,35,1.094601718438316,True,0.0,-28.645766057329496,-45.00812517760657,0.0,0.0
706899810,2024-07-23 02:34:56,2024-07-23 04:30:18,45.29126198998695,45.3126124619201,1.9227777777777777,45.0,45,401.4322198460318,1.3790958563063065,True,500.4961896115046,-0.3126124619200965,-0.6899016519579629,0.3126124619200965,2024-07-23 04:30:18,45.3126124619201,1.9227777777777777,45.0,45,1.1782084403547723,True,0.0,-0.3126124619200965,-0.6899016519579629,0.0,0.0
706899810,2024-09-26 13:35:26,2024-09-26 14:37:29,27.50706104893042,40.33330448946538,1.034166666666667,27.0,27,284.83940729850303,1.0205202217396177,True,3.4887345516102077,-13.333304489465377,-33.057803366812884,13.333304489465377,2024-09-26 14:37:29,40.33330448946538,1.034166666666667,27.0,27,1.0205202217396177,True,0.0,-13.333304489465377,-33.057803366812884,0.0,0.0
706899810,2024-09-28 13:08:50,2024-09-29 05:04:37,31.508128580219683,38.24582673888874,15.929722222222225,31.0,31,304.056236763878,1.717142304280617,True,339.10505273487934,-7.245826738888738,-18.945404915305726,7.245826738888738,2024-09-29 05:04:37,38.24582673888874,15.929722222222225,31.0,31,1.8165065633534576,True,0.0,-7.245826738888738,-18.945404915305726,0.0,0.0
743497398,2024-07-01 15:18:59,2024-07-02 07:38:08,23.707843643624894,40.27534748560579,16.319166666666668,24.0,24,251.46954552912152,1.750610037250608,True,12.522519879276617,-16.275347485605792,-40.41019755676229,16.275347485605792,2024-07-02 07:38:08,40.27534748560579,16.319166666666668,24.0,24,1.750610037250608,True,0.0,-16.275347485605792,-40.41019755676229,0.0,0.0
743497398,2024-07-05 15:34:40,2024-07-06 03:03:53,37.38779504950463,51.277508976297526,11.486944444444443,36.0,36,345.7106644921522,1.7088138245198874,True,388.74106343882295,-15.277508976297526,-29.793781486849117,15.277508976297526,2024-07-06 03:03:53,51.277508976297526,11.486944444444443,36.0,36,1.5741193879390334,True,0.0,-15.277508976297526,-29.793781486849117,0.0,0.0
791860098,2024-07-02 20:54:00,2024-07-02 23:30:30,10.727663805063402,22.919943544634364,2.6083333333333334,61.0,61,109.2852920267304,1.937629046056014,True,2.320219418027932,38.08005645536564,166.14376200887418,-38.08005645536564,2024-07-02 23:30:30,22.919943544634364,2.6083333333333334,61.0,61,1.937629046056014,True,0.0,38.08005645536564,166.14376200887418,0.0,0.0
791860098,2024-07-15 12:09:58,2024-07-15 16:31:28,28.32283067587317,50.59488124550779,4.358333333333333,36.0,36,269.3605848617564,1.763638869134175,True,745.7365409021481,-14.594881245507793,-28.84655697616375,14.594881245507793,2024-07-15 16:31:28,50.59488124550779,4.358333333333333,38.0,38,1.4515718712577643,True,0.0,-12.594881245507793,-24.89358791928396,-2.0,-5.263157894736842
791860098,2024-07-17 21:39:50,2024-07-17 22:37:40,19.652549310872427,38.43851953269248,0.9638888888888888,22.0,22,222.1714041380733,1.296888597349559,True,286.2546626768872,-16.43851953269248,-42.76574574811941,16.43851953269248,2024-07-17 22:37:40,38.43851953269248,0.9638888888888888,22.0,22,1.7254460647864769,True,0.0,-16.43851953269248,-42.76574574811941,0.0,0.0
791860098,2024-07-17 23:40:21,2024-07-18 18:24:07,99.27066419958328,149.6669631771907,18.729444444444443,112.0,112,755.3274102095935,1.9657175573032997,True,1215.954134283001,-37.666963177190695,-25.167186116148283,37.666963177190695,2024-07-18 18:24:07,149.6669631771907,18.729444444444443,113.0,113,1.62606496592948,True,0.0,-36.666963177190695,-24.49903599218532,-1.0,-0.8849557522123894
791860098,2024-08-04 19:19:07,2024-08-05 19:23:42,76.00588324450756,148.61560856672875,24.07638888888889,94.0,94,602.7668027221684,1.3359216096758204,True,39.42171900237531,-54.61560856672875,-36.749577714918296,54.61560856672875,2024-08-05 19:23:42,148.61560856672875,24.07638888888889,94.0,94,1.3359216096758204,True,0.0,-54.61560856672875,-36.749577714918296,0.0,0.0
791860098,2024-08-14 02:26:36,2024-08-14 17:28:22,40.566946791375415,45.423384815616025,15.029444444444444,39.0,39,371.388456206388,1.7323312896962195,True,19.175104980481592,-6.423384815616025,-14.141140827989862,6.423384815616025,2024-08-14 17:28:22,45.423384815616025,15.029444444444444,39.0,39,1.7323312896962195,True,0.0,-6.423384815616025,-14.141140827989862,0.0,0.0
791860098,2024-08-15 20:25:33,2024-08-15 22:16:46,29.208995884423533,57.21501903197981,1.853611111111111,49.0,49,266.5631997496498,1.6852087834214176,True,501.09022526681423,-8.215019031979807,-14.35815135775468,8.215019031979807,2024-08-15 22:16:46,57.21501903197981,1.853611111111111,48.0,48,1.6802284745931984,True,0.0,-9.215019031979809,-16.105944187188257,1.0,2.083333333333333
791860098,2024-09-02 18:43:37,2024-09-03 00:08:06,68.6113611032837,121.33080870084284,5.408055555555555,112.0,112,524.127354448824,1.5911054660181685,True,2.2190326237282534,-9.330808700842836,-7.690386968283695,9.330808700842836,2024-09-03 00:08:06,121.33080870084284,5.408055555555555,112.0,112,1.5911054660181685,True,0.0,-9.330808700842836,-7.690386968283695,0.0,0.0
791860098,2024-09-17 22:27:42,2024-09-18 17:02:05,121.33748911553684,182.60508992673184,18.573055555555555,136.0,136,905.4089758195504,1.9766938412801427,True,1465.5519227891343,-46.60508992673184,-25.522338914775915,46.60508992673184,2024-09-18 17:02:05,182.60508992673184,18.573055555555555,137.0,137,1.5422149560869534,True,0.0,-45.60508992673184,-24.97470905385515,-1.0,-0.7299270072992701
791860098,2024-09-29 00:16:32,2024-09-29 03:38:52,53.53374660096317,99.03958682112024,3.3722222222222222,57.0,57,455.5970899757371,1.8996503494009345,True,31.64057079831417,-42.03958682112024,-42.44725586047707,42.03958682112024,2024-09-29 03:38:52,99.03958682112024,3.3722222222222222,57.0,57,1.8996503494009345,True,0.0,-42.03958682112024,-42.44725586047707,0.0,0.0
