vessel_id,record_count
531004359,627027
353196028,412221
449094058,301554
738908931,280175
741835389,211046
248964690,195929
261098615,187991
439729450,181496
680520589,144878
771283800,137887
243681675,134274
496008645,131236
303144099,122963
616620391,119064
477832320,116600
525791007,106552
370384996,105143
587268510,105044
533187847,99746
304385446,97088
386691164,96725
629870457,90828
675656627,85852
708743043,84355
201622454,83224
440238215,78182
419321940,74628
346795489,71548
248692941,61840
200134975,49606
234463823,49305
534176328,46612
408286708,44218
724987568,40495
764992475,37741
371681494,37227
334424486,37108
226225103,36971
260995738,32987
369314059,32727
565464295,32492
693780742,32111
446911976,31564
723806186,30049
241749307,29472
753812392,29199
439165167,29091
345727782,28665
628693508,27994
279179394,27568
406647606,27310
630842022,25483
301394865,24753
385831098,24713
526575618,24628
396636589,24290
366763109,24039
375886596,23537
653464635,23512
462919369,23260
493087308,22665
454406528,21905
435026421,21827
743497398,21219
395657503,21188
500736053,21186
596440147,20947
205811699,20756
758938562,20464
246228378,20426
791860098,20127
716124575,20109
584196090,19843
344937624,19241
706899810,19166
340402302,19129
238007480,19057
306211122,18781
642576528,18650
486614993,18300
308150932,18162
768601548,17938
785846028,17882
492646760,17781
204596262,17601
406066825,17573
602714433,17222
382352877,17167
241283567,16962
545396852,16741
689504186,16537
363834942,16527
488559558,16412
227124315,16213
351064669,15887
300371264,15849
375911078,15516
736928040,15482
508793213,15364
377764844,15185
206026230,14979
601719215,14911
449498459,14869
652029030,14831
487955018,14674
592305943,14630
687658117,14569
442724028,14390
244377102,14151
386583973,14150
676818809,13651
331653751,13594
777631018,13471
737503408,13183
655776463,13132
352789150,13080
783013193,12992
264829020,12990
698163470,12736
524184405,12378
208251388,12328
413620429,12169
732757538,12140
338588589,12080
307921241,12019
287112902,11994
711789399,11950
349190590,11786
236362954,11582
372696737,11580
329139046,11521
327427316,11257
201007497,11120
211629183,10939
604589250,10898
379975821,10689
590912124,10487
609186908,10250
668015635,10248
331302520,10212
393507438,10120
769344040,10029
473064244,9941
406147867,9898
511304883,9837
241856948,9806
677270181,9737
633098984,9522
437598940,9481
750691989,9097
680445558,8913
546748757,8912
392705362,8677
362609252,8649
378300654,8622
626607173,8574
356931085,8551
682147011,8551
299611587,8523
649863976,8427
693445802,8405
247809699,8294
497965445,8276
304465264,8182
672937603,8162
280073156,8096
546720226,8002
780169468,7973
299733644,7758
761176261,7655
337115414,7555
735779810,7534
754770106,7507
361654027,7486
643244841,7462
579416035,7442
655347748,7412
664308345,7395
503554128,7381
798880815,7364
349707564,7335
612891842,7284
318916873,7266
419486713,7189
365945156,7140
372540035,7064
397085287,6979
349294059,6973
233650715,6895
265955227,6878
324090451,6860
770402733,6844
525420074,6804
622333500,6801
239032988,6730
362342470,6726
271754372,6716
659473256,6584
396173285,6575
380000933,6525
308990171,6516
477891511,6445
698592707,6443
580184361,6407
701104988,6333
739830727,6322
271412726,6294
449247495,6289
241407568,6262
646252012,6251
777732834,6175
390534482,6143
444220455,6138
395518012,6079
394950420,6061
388024420,6043
224919287,6031
218474190,6006
560789277,5973
328613980,5967
566146790,5873
274472860,5866
697956794,5828
505150541,5814
670461272,5797
567506940,5742
733339738,5694
721283812,5690
629191244,5647
776707227,5522
303810129,5503
483343436,5427
267342107,5398
307484444,5361
765434074,5347
587907399,5300
656457218,5291
758290394,5278
475748226,5250
646799255,5201
744598174,5166
249096156,5156
387971293,5138
381990131,5104
437356161,5053
312165320,5011
731486974,4977
259452112,4972
791050718,4968
557106912,4937
501044785,4882
719545053,4872
302869658,4847
725472509,4810
642679214,4767
693997757,4763
265250593,4689
522777669,4674
586447027,4628
406017801,4607
652254809,4557
242047492,4557
234052276,4537
552487995,4535
458966346,4525
392907000,4518
651465693,4507
270789563,4503
357605047,4485
429885139,4459
363642070,4438
605199501,4437
556115401,4314
476132045,4300
291263220,4262
518306240,4260
623163879,4259
628740518,4227
796155173,4163
280387304,4103
440114497,4090
632841364,4072
748095170,4051
363422204,4050
486291760,4026
642521419,4016
598265571,3995
478756503,3994
307889454,3972
616294393,3965
326314801,3936
399333892,3932
663464544,3873
566228001,3801
756849086,3798
488301340,3786
250661738,3775
596947116,3764
675824569,3751
733922061,3665
721818896,3662
619414632,3662
460544564,3636
522070936,3634
576149662,3627
437730319,3589
685987786,3546
303841477,3541
413455577,3530
491135758,3480
241157891,3473
372280020,3472
682955733,3460
203374970,3459
696791408,3440
353861300,3428
465747159,3418
675027373,3391
523349598,3374
361731094,3373
693240860,3366
742449368,3352
465303687,3345
311311568,3335
454755179,3283
471917431,3272
354769531,3238
454554861,3238
673440142,3206
796869126,3155
589807285,3149
630317110,3144
491032609,3121
408967011,3107
313210766,3100
373058129,3084
538995955,3083
635643414,3033
292421977,3003
233354375,2978
741948003,2936
513809458,2935
431935410,2934
786492806,2927
346909866,2919
317037429,2918
716233260,2913
213043284,2909
335997320,2908
560190639,2905
661518787,2897
431061190,2886
509515873,2876
429411799,2871
314797868,2867
730555855,2858
205535026,2844
473309265,2836
406387238,2831
761257149,2823
702948817,2816
469569814,2812
360760235,2803
252478094,2799
289485411,2789
608613422,2785
487048745,2783
406677821,2768
743433380,2747
597682771,2745
617986590,2740
513341442,2738
497816936,2736
640515882,2733
534562004,2731
696393915,2707
479984746,2704
251754133,2702
489672073,2664
287991116,2653
358754793,2631
213455776,2631
302266864,2630
729050653,2615
296702714,2603
672524504,2598
350191885,2590
438592295,2587
481511929,2585
219387710,2577
746590222,2570
670128002,2561
405571650,2558
322887201,2558
714456766,2552
339380075,2545
483343361,2539
402605134,2535
227697112,2525
379699621,2521
521540897,2516
726318650,2515
420124155,2510
565613572,2507
654989182,2499
280302306,2499
271780052,2487
612476149,2483
458660587,2480
584000845,2468
302456175,2467
633471593,2457
253195102,2429
508428138,2413
412100117,2408
263203404,2408
221961905,2403
475414659,2396
323810985,2386
312833615,2382
399083435,2379
503855954,2379
771273708,2376
717358210,2366
612505302,2357
479258648,2357
756478028,2352
599122309,2349
783675398,2330
687717591,2329
794583263,2296
422859261,2291
354082316,2289
460140686,2279
480862474,2278
321265918,2267
386377774,2254
392084683,2252
240450501,2252
670659841,2244
626626146,2238
577033492,2237
699201912,2234
492677076,2234
281074684,2230
718717094,2213
203739210,2209
602162825,2206
324701615,2203
556267233,2201
504191727,2184
439964313,2176
568164723,2170
407085203,2149
573549386,2144
765102387,2141
279964080,2140
276032306,2139
519135078,2132
360324935,2131
377797282,2124
600044536,2116
202467447,2109
761988627,2104
788382822,2090
591488878,2082
724957544,2081
676967949,2050
610271229,2040
735486008,2039
639527454,2029
741110750,2026
540947771,2026
572049171,2013
202113676,2011
760971283,2004
325552229,2001
472588463,1993
250471444,1990
448849362,1985
776830867,1984
278507460,1983
454926713,1976
307075102,1972
554733143,1971
434096970,1967
216820736,1956
730004200,1952
352997385,1950
639966408,1949
712130699,1947
675640838,1939
217692843,1937
704155865,1937
768260685,1932
444212886,1922
447093283,1921
626027797,1920
228477023,1920
664173288,1918
700090722,1917
632569232,1913
602872173,1912
793353005,1904
293575253,1899
723244378,1895
223654283,1892
776607632,1891
530166501,1889
353948192,1888
561817137,1887
533050058,1874
702483380,1872
664092710,1867
518298596,1854
275802276,1841
519543359,1840
681940116,1839
674391532,1832
450661550,1831
667999325,1830
544224097,1827
778047079,1822
266395246,1819
371029115,1816
581585385,1815
443785395,1814
691121473,1804
667131130,1803
715094202,1802
466252719,1799
279331626,1798
510818336,1796
714003597,1794
408546238,1790
711501706,1789
398745015,1787
393104988,1784
323900360,1782
289622304,1781
232584116,1774
760373385,1774
288782343,1773
686249137,1771
543900334,1770
285850989,1770
268647577,1769
680875188,1768
493036288,1767
220577591,1766
356334475,1764
600973991,1751
651271649,1749
495842140,1743
407503946,1741
442875947,1740
415447102,1740
524985982,1739
669850386,1725
518644658,1713
297143785,1712
564702909,1709
272880305,1703
712574034,1702
398244172,1698
575278232,1697
289140990,1692
386771259,1688
789471730,1687
476839100,1682
356593053,1681
687587323,1679
543485448,1677
359988948,1672
594012462,1671
472725611,1666
302814756,1664
380380010,1663
552875478,1660
583180260,1660
685816253,1660
777891473,1656
484634498,1656
729004664,1655
786723488,1651
461612024,1649
367815038,1647
736417691,1647
543814543,1643
209334573,1636
756740971,1635
651489092,1628
303388088,1626
715536329,1621
604495175,1620
602782434,1620
697112752,1619
247267266,1619
626512904,1618
367292088,1614
302197827,1614
377773218,1614
757668240,1613
204196647,1611
569801865,1606
606933414,1603
417241216,1598
614812861,1592
654909765,1580
370670354,1575
386632774,1554
485033265,1551
305953462,1550
278734437,1547
542472807,1546
393416501,1541
594665954,1537
619933275,1533
311453004,1531
226072324,1528
765245297,1522
208438958,1520
594417402,1520
384142373,1519
763068152,1518
360596667,1516
691096607,1515
530448420,1514
438295088,1513
752639323,1511
753562171,1510
481385715,1510
217184426,1499
374985453,1495
794529444,1494
212962160,1492
240678560,1489
267875338,1487
280192680,1479
526088295,1474
796497768,1471
335282134,1468
457694179,1468
589293893,1464
373774553,1464
483295635,1463
286036030,1463
700849655,1462
359425256,1460
617770315,1450
654821258,1445
349780391,1445
589759396,1444
778435934,1443
535463752,1442
613703565,1442
204659690,1438
719422511,1436
736522056,1431
362538798,1428
794909103,1423
792571919,1423
718268608,1421
361275809,1420
427308257,1419
228211882,1415
582540208,1414
249194142,1414
591308439,1414
689912312,1411
615785007,1408
210192077,1398
736251569,1396
668793787,1393
226259949,1390
524985998,1389
462959893,1389
598551901,1387
291444362,1387
281098686,1386
451433880,1382
408330010,1382
325074539,1379
305745573,1379
771953526,1377
296423208,1377
255986343,1371
299208187,1370
360500006,1368
791945520,1363
379201679,1356
717883959,1352
752833965,1351
206670507,1347
516580345,1345
538262468,1344
614629337,1344
672667735,1343
767654708,1342
211452042,1338
292964673,1335
379958128,1335
761929025,1329
494395756,1313
679783869,1313
383311824,1312
398810510,1312
681462583,1312
538288573,1311
267532037,1310
663008887,1308
375195195,1307
713074961,1307
203471151,1306
754513202,1306
644036845,1302
728902561,1302
419962147,1301
529881251,1300
762336253,1298
549013636,1292
797239572,1291
761310519,1290
549159970,1289
654549149,1281
572997704,1278
363529897,1277
321050982,1277
724893686,1276
262239414,1276
720883630,1276
763404015,1275
378330116,1274
373954461,1274
441873570,1273
316677652,1271
723545000,1270
744799355,1267
630891790,1267
771481135,1266
635344542,1264
582758310,1263
354584421,1261
711340796,1257
537778064,1256
723187987,1253
391437397,1253
644146239,1252
472471051,1249
601972759,1249
228824945,1248
229292500,1245
551927388,1244
666172996,1240
468970120,1240
645939558,1238
399141006,1233
585961019,1227
580706694,1225
679110871,1220
213835043,1217
589477236,1217
452967422,1211
683010653,1211
242832479,1209
621800391,1208
573035859,1199
710528216,1198
394620262,1196
338016943,1196
760334367,1195
735907752,1191
492053564,1190
714009767,1188
343530890,1187
319131139,1186
542332251,1186
537534157,1186
757496454,1184
509008788,1183
784786778,1183
780552650,1182
572018857,1181
528123477,1178
540825721,1172
658520241,1171
277048020,1171
219678903,1170
410372036,1169
729237746,1168
203082781,1168
768982628,1164
476287041,1163
572527693,1162
229440531,1162
414871625,1160
338460588,1157
735724142,1156
521565805,1155
274340268,1155
534004730,1153
707570578,1150
739457459,1146
531113134,1145
274815718,1144
458315808,1143
764583175,1141
753852380,1139
429764052,1139
708351358,1136
276422299,1135
202914769,1135
369048697,1133
656768996,1130
441413127,1129
469824750,1127
399407233,1127
575429003,1127
251983844,1126
759178121,1124
345448789,1124
551319535,1123
268302637,1122
215409776,1121
575854397,1111
529899469,1110
213366490,1110
386964016,1109
680398450,1108
467269936,1108
204710876,1108
720825007,1107
386052731,1104
781150519,1104
482468749,1103
533245074,1103
602920122,1100
628550428,1099
694257307,1098
566735430,1098
639783669,1097
717837690,1097
274745228,1095
602647003,1089
400568034,1089
287292073,1089
463849966,1089
369968588,1088
503348870,1085
457401630,1084
389209489,1083
784127212,1083
654368352,1082
502333078,1082
578254319,1080
753134984,1080
744831034,1078
629246641,1077
210346783,1077
521189785,1076
436411191,1074
230190760,1073
426017488,1071
543511838,1068
682578052,1067
554675797,1062
395161015,1060
558342714,1058
550168727,1055
215901618,1054
642222019,1053
381860182,1053
544046256,1051
401188080,1050
530066587,1047
289365514,1046
709732520,1044
204645052,1039
760259628,1038
685496140,1038
406251276,1037
578487721,1037
736672008,1036
342865271,1035
336706978,1035
672010653,1032
249782334,1032
479285878,1029
253519956,1027
704804645,1026
396240806,1023
426791726,1021
743211114,1017
605525432,1017
351662163,1014
364199023,1012
307120710,1012
788502315,1011
294048061,1011
301558775,1009
542714934,1008
606466905,1008
661384676,1006
497546615,1005
234103040,1005
275221184,1004
376593383,1003
433792104,1001
282536107,998
771020209,998
616936803,997
584019801,997
769794166,996
742283251,993
224531643,992
656414947,991
597290766,991
421307601,989
659385800,988
426300745,987
593345381,987
618782198,987
319605890,986
613956314,986
319032496,984
736995680,983
502485062,982
727858825,981
367101255,980
594661852,980
217229109,978
408031424,976
463733305,975
570097488,974
278870395,972
492648552,971
469806909,971
549021477,969
325786369,968
497456795,963
734274238,962
704763667,960
374016019,959
229454484,958
682245304,957
698974364,957
610411161,953
657984576,952
232548356,952
440983944,952
497680082,950
445918277,945
295973074,945
410084242,944
344578312,944
793660369,943
455453598,942
574756024,940
304171694,940
345084243,939
269370311,938
206945702,938
586375525,937
238642550,936
311019715,936
560211497,935
605064715,934
440131730,933
355356403,931
449096704,930
725972837,930
386084114,929
517899417,927
627020376,922
343447383,921
796409223,921
694999206,920
239690191,920
490738548,919
752245828,918
535496149,918
212025107,918
399275160,911
570350496,910
655421806,910
687282970,910
651527354,909
370502392,909
369754642,908
752653704,907
310430251,906
715017559,902
735344150,902
520219499,899
664634440,897
752263651,896
356760762,895
663750348,892
412039722,890
251668625,889
718702956,887
510977854,886
596921373,885
706422274,885
797214743,885
362533436,884
587936968,883
645083552,882
567319840,882
372006337,881
587486115,879
505507405,879
405667933,879
341918658,879
244965071,878
796567741,876
431663375,875
592747529,873
400092899,872
250968017,871
659641514,868
437867645,867
799250696,867
398883040,867
441628267,865
668280060,865
286870611,864
523683506,860
567580224,860
395332242,858
533170023,856
339445665,856
788633572,854
666779654,853
288307613,852
678789042,852
488771000,852
472749007,851
301648072,850
641319236,848
742983397,848
672656854,843
291493035,843
381390265,842
539634884,840
268989434,839
364352360,837
500550806,837
528104089,834
475112323,832
563781494,832
427273585,832
302054251,831
367470471,830
459533826,827
700865705,826
215825820,826
732870213,826
276390518,826
280997490,823
438302186,823
230187660,822
512726249,822
722517395,822
363767002,821
227463591,819
325677069,819
444043557,819
710461889,817
483007579,815
221796314,815
598255407,814
529794849,811
485137757,811
753427490,811
317586521,809
699642109,808
568848344,807
674446539,806
346859660,806
292976956,805
393302576,804
299050514,804
653892259,803
306729184,802
598182011,802
563077047,801
385342551,800
452358038,799
343563816,798
525655233,798
373834759,796
703144566,795
759977738,795
536897920,795
270488561,794
746591288,793
783303564,792
310502494,792
652118479,792
480842903,792
731514595,791
348995683,789
508778426,789
260117121,788
378070412,788
637564634,788
634465750,787
641976872,784
559739527,784
691186704,783
574050036,783
476547662,781
367051701,780
627445625,780
628004339,780
282677501,779
299143300,778
340290754,778
782870097,777
747896226,776
362939435,776
210981130,775
797281960,774
588499910,774
506003566,773
473265570,770
640237098,770
467222079,770
526459452,767
255896524,763
503843722,763
537288086,762
627411620,762
434269250,762
529533975,762
616897892,760
685480902,759
618137403,759
677488035,758
375434414,756
434448739,756
385008459,754
314051703,753
513983259,752
449707700,752
397140803,752
609357012,752
489085323,751
600205295,750
240009300,750
612453156,749
657302472,749
659088318,748
735752005,748
534420599,748
342722240,747
619234630,747
698520821,747
313603717,747
361662736,746
653646414,746
783070654,745
369842216,745
589266524,745
504626560,744
412943463,744
491756340,743
514560865,743
622127199,742
549557016,742
499305266,742
445433469,741
608748820,739
234530212,737
313728010,736
223060729,735
643367498,734
339438525,734
341210865,733
461285502,732
724663678,732
633667440,731
398103281,729
709458774,727
649688944,726
504049508,726
288856956,726
275518725,725
547034646,723
263385636,723
506478480,723
606764774,720
423469807,720
396525310,720
212036707,720
586937661,720
755583996,720
264502893,719
564216401,719
216423248,718
718185713,717
269588534,717
522810759,717
392395823,717
530423006,717
400550185,716
404180464,715
544297935,715
234317012,715
477780408,714
783615950,714
759930625,713
463453760,712
545917462,712
468340977,711
589483612,710
624065945,710
255075187,710
502429537,709
415761144,708
435168412,707
548693116,705
609389684,705
578155661,703
425651825,703
474563899,702
451922506,701
401873982,701
374613492,701
746503021,701
566980348,700
200795022,700
491205073,700
499202498,699
389071283,697
671601384,697
482548798,696
459184942,696
640985968,695
702912203,695
288579123,694
763997916,693
241089328,693
335736360,692
405480310,691
320645008,691
716020256,691
564302736,689
751295627,689
296498519,688
754613628,687
570354153,687
221626303,687
783447903,686
676905730,686
543283773,682
413166833,682
473035195,678
697895598,678
378856584,677
600463220,676
263167087,674
600584564,673
308446603,673
686652299,672
523528200,672
205305601,672
400881045,672
548033820,671
655101605,669
539027655,669
523895640,669
485281986,669
447852597,669
706970082,668
345308452,668
694717216,667
384788639,667
337771338,665
599380532,665
460606717,665
397835709,664
765239069,663
369563744,663
448416717,662
652914222,662
564586402,662
379827734,660
643856977,658
709465009,657
248188779,656
276430910,655
411865756,655
316475228,655
794130151,655
739634627,655
441489953,654
316010378,654
241669282,652
669941554,651
734535580,650
364770956,650
393577771,650
582906084,648
435428441,647
445387083,645
577111576,644
660913214,644
319972792,644
381813319,644
337313958,643
694851793,643
672452069,643
537382773,643
790818863,642
288590075,641
443366564,641
554295764,640
732615081,640
307848903,640
643928824,639
219055850,638
242388868,638
430165698,638
394005104,637
619021859,636
204640258,635
374577501,635
217342778,633
645322869,632
281120248,632
455332330,632
616310848,631
694172636,631
565265529,630
252529767,628
545847880,627
217151068,626
403355949,626
591037728,625
441966446,624
696859731,624
726913438,624
235585018,624
691297301,624
389287448,622
224206338,622
557528867,621
396913583,621
738098849,619
237199849,619
376010827,619
268520205,617
387118360,615
225879214,615
585232936,614
310366356,613
357101945,612
661229089,611
241702306,611
780639768,610
444217992,609
259517096,609
247047546,608
406231025,608
442875911,607
348615240,606
271991494,605
730192796,605
373248834,604
708936969,604
650979325,603
770962211,603
727667278,603
486602426,603
202383236,602
420042586,602
795921445,601
290561097,601
466534769,600
635250229,600
300235331,598
477919929,597
237965517,594
386513624,593
565713090,593
477262618,592
785472168,592
619576805,592
700377978,591
520510013,591
420629377,590
649407085,589
631013993,589
562205153,589
495988477,588
242854214,588
617263297,588
736313530,586
471044062,586
441517711,586
214082517,586
266625042,586
458467504,586
380331243,585
713136341,585
226972884,585
499648210,584
364483574,583
695123020,583
572721412,582
778915364,582
724061011,582
758970903,582
274175421,582
723287654,581
345688778,581
722315620,580
335974421,580
392116671,580
460395737,580
741749463,578
706818738,575
607943970,575
746005885,575
573700450,574
732186141,574
376714992,573
530959884,573
657132451,572
332270119,572
679612745,572
759641135,571
712430334,571
229002284,571
412773020,570
470283701,568
618829575,567
488324664,567
508633003,564
492958683,563
443962362,562
543057874,562
604346975,561
374611142,560
242276648,560
235881482,559
551073348,559
541257875,557
607318099,556
751596360,555
604805991,554
689260385,553
323256232,553
269079914,552
697749933,551
704823772,551
759184585,550
398484312,548
686072001,548
450432821,548
444666727,547
620479410,546
260001033,545
739149655,545
500519578,545
375723477,545
482270006,544
739655129,544
465551675,543
557277932,542
720599842,542
792666607,542
477113118,542
554186676,542
515351468,541
629886905,541
311949219,540
272685054,540
505253717,539
271376930,539
695176632,537
358063458,537
633566986,537
720879884,535
289813504,534
749827231,533
687176418,532
334486574,531
721946984,531
263206089,529
708968596,528
578539506,527
223918407,527
702544975,527
577215595,527
327185992,527
288293189,526
701680949,526
641991730,524
508979524,524
438801130,523
608271596,523
536215567,522
496897649,521
629567454,519
462530969,519
447861657,518
283887878,518
420644464,516
304115003,516
246551801,514
336868302,514
348011864,513
268832786,513
319095802,513
685073407,512
214965879,512
597915344,512
659012568,512
453926664,511
758985896,511
412095274,510
717242562,510
735946639,509
357196203,509
507975997,509
424648649,507
587825594,507
756076792,507
566149469,506
211246242,505
315639014,505
541066239,505
249001334,505
521819424,504
240843376,504
737650131,503
299975470,503
741890700,503
799236226,502
559379058,502
301023213,501
749806153,501
689984092,500
487033890,499
214498105,499
290516314,499
472225533,499
705436245,499
607057472,498
456040284,498
743843063,497
587151866,496
567038095,496
291331534,496
743913940,496
531988800,493
419419836,492
387833621,492
372613075,492
521698274,491
656999805,491
637503342,490
513714346,489
551234350,489
214911356,489
580970595,488
643074064,488
659030600,487
259884572,487
630701246,487
521423665,486
375879601,485
371976985,484
245676119,483
238888138,482
762721737,482
428429254,482
408439623,480
620522752,480
345885664,479
335391710,478
492692599,478
693922637,478
753114582,478
287446259,477
329165705,476
392080373,476
746023584,475
422089720,473
443302861,473
656875434,472
272171680,472
544748168,471
492379331,471
256892767,471
526511388,470
335480893,469
600853957,468
710515809,467
691546860,467
367487105,467
549054355,466
718727267,466
213953044,465
499408151,465
235568812,464
491163647,464
442649680,463
557200646,463
473137442,463
286498758,463
761017352,462
792872514,462
564693848,461
788917849,459
703479310,459
420234298,459
451784407,459
448550668,459
625167429,458
298801622,458
446512674,458
799798897,456
750040275,454
473488149,454
734849447,454
316892437,454
545071738,453
667426093,453
213705620,453
483080149,452
240787181,451
556294292,449
364921191,449
515126238,449
706212482,448
759127175,447
514501607,445
325069497,445
401251593,445
794356063,444
315683839,444
714073869,444
621098718,444
671836032,444
241385271,444
237952316,443
746268567,443
402507319,443
792759592,443
629268584,442
724234255,441
482135373,440
775620352,439
565820239,439
612693081,439
550267268,438
361585017,438
674043828,437
528392171,437
236796961,437
778109563,437
420319144,437
538892307,436
496776545,436
541487598,436
754536692,435
293183306,435
353028435,434
573865629,434
407613371,433
535825057,433
580523101,433
664312185,432
687132784,431
637347674,430
325610459,430
476328650,429
776474901,429
674147307,428
230811771,426
368360414,426
234232391,425
622570714,425
321482127,424
297576308,424
419287876,424
203962731,423
432669081,422
605280200,422
340862210,421
415591579,420
638626783,420
422082961,419
584718304,418
784934671,418
447285320,418
498861906,417
432951184,417
220266481,416
478967177,414
765123008,414
492560186,413
444309590,413
359885892,412
223735901,412
715198460,411
495425575,411
327076888,410
684083948,406
381614227,406
795464911,406
316058561,405
766165932,404
617215082,403
463305849,402
659690519,401
318426528,401
680895422,401
438293817,400
613728916,399
544430751,399
539699011,398
264441027,397
538009402,397
505567153,396
671258764,396
369422507,396
692719151,395
417749277,394
660560555,394
214455346,393
627612143,392
744118702,392
369780327,391
559612436,391
501345256,390
773922050,389
638064435,388
317345896,387
252734661,387
529192478,386
306351967,385
695341291,385
248861397,384
571587303,383
750392522,383
238152337,382
725699113,380
316099249,379
547631130,379
726657431,378
745803579,376
242405790,375
597353212,375
452707874,374
515083606,372
526842844,372
380154722,371
339722056,370
259306081,370
325659652,370
433033900,369
698567864,369
692164682,368
579621840,367
452686712,366
369520233,366
536457057,365
696475536,364
536165521,364
400990244,364
558303060,362
404803695,362
352499724,361
773523297,361
404049454,361
213761562,361
268349177,359
726135183,358
775579480,358
691916881,357
542027674,357
369898830,357
365235788,357
755052863,357
774127728,356
470980730,355
495405064,354
505261363,354
601896032,353
782716644,352
698322711,352
554397255,352
247481155,351
304866322,350
647410859,350
467576885,350
598075784,350
721810972,349
572404795,349
499710824,349
295902661,349
718654514,348
544780219,347
326481652,346
379868864,344
439183282,344
657122045,340
587324154,340
200513032,340
482595235,338
246264476,338
540243793,338
300614510,337
277753295,337
280724535,335
210728842,334
535271009,334
702232606,333
574875776,333
233147770,333
684431581,333
648725337,332
297038457,332
413936318,332
704404352,332
385067941,331
672806442,331
542203400,330
203691065,330
206964585,328
781542216,328
306712739,328
585367273,328
541450446,328
544214702,328
751073627,326
585681947,326
616527273,326
410835974,325
688538966,325
484923957,324
605333142,324
721894109,323
600132040,322
204738335,322
320448206,321
613944548,320
766931802,319
624256427,319
331448101,319
478922276,318
669361242,317
649568477,317
376162115,317
562802311,316
514320518,316
525697749,315
706536413,315
438606263,314
435183080,313
748752078,313
434063678,312
528997291,312
421250798,311
201413490,310
489310400,310
240045886,309
551621329,309
754165396,309
282073144,309
550107504,308
680871853,307
566089341,306
490442999,306
632107052,305
722068252,305
602730377,304
259428408,304
728437763,303
537854787,303
386777225,301
430733875,300
779192607,300
763580556,300
332111853,299
693804350,299
615980996,299
413280416,298
756018745,296
331767424,296
708333211,294
661284706,293
272008483,293
345746031,293
745836896,292
671066339,290
350702413,290
687513804,289
589950314,289
759964065,289
494345198,288
793354077,288
222287440,286
470274683,286
780802560,286
242666421,285
263808418,285
377023042,284
491448049,283
657288862,283
419936248,282
301774377,282
437152401,282
758927416,282
393193482,282
599029248,281
348838874,281
689390557,280
264618875,280
530412518,280
722505399,279
502448931,278
527551415,277
364022861,276
728809187,276
636065972,275
246425156,274
602239540,273
460290150,272
256508299,272
242285461,272
490435464,272
476716227,271
447356206,271
601074195,270
396057274,269
630763160,269
449164330,268
295014710,267
391926648,267
243097485,267
338045166,267
644426161,267
752241517,267
204622051,265
556248328,265
297075290,265
305202914,264
597799086,263
316515454,261
359092082,261
498860419,261
298543304,261
377305534,261
372174262,261
700167966,260
248362002,260
592812812,260
317282222,260
353829993,259
759567883,259
522266463,259
455015494,258
625892869,258
743171820,256
374010996,256
513456675,256
233893676,256
588591225,256
775931274,255
475248108,255
609738738,255
234409147,254
666134296,254
342712679,254
581861430,254
473109506,253
357513190,253
572234033,253
613547977,252
532036772,252
297961621,252
441533663,252
671757179,252
738436521,252
308362073,250
267837260,250
609323166,250
587193821,250
240467232,249
712906251,249
483305797,248
372291050,247
450862430,246
293748289,246
568423897,244
732157532,244
291875093,244
441843252,244
374866175,243
299601220,242
785356733,242
523156744,241
355221755,241
520323693,240
556837377,240
397796050,240
285509634,239
631566078,239
268306458,239
571702917,238
522238443,238
647328749,238
570808309,238
223359508,238
371037193,238
368263680,237
771334894,237
586556361,236
799044464,235
525211725,235
408574261,234
618405674,234
687174510,234
688234805,233
357811033,233
754539903,232
417488846,231
717097689,231
302552362,231
247647679,230
714951866,229
566972880,229
511694579,229
487065947,228
239990184,228
228579828,227
603992009,227
298053617,227
230247463,227
792012795,227
786437105,227
754669647,227
211915358,226
300036173,226
221498709,225
234614131,225
387477067,225
463496152,224
212599879,224
520414582,224
280257830,224
378170973,224
608856930,223
716246124,223
671576831,223
509254316,223
690181601,222
455279689,222
724367838,221
290641039,221
265313493,221
613007038,221
355170670,220
527853664,220
663503643,220
606493714,220
233126939,220
216322048,219
348893922,219
409453680,219
254829201,219
720049858,218
713698870,218
604746971,218
649666484,217
639574499,217
640840181,217
575080844,217
707720570,216
689964058,215
404935473,215
414351950,214
489530292,214
242801846,214
637335339,214
225429791,214
577227649,213
311798430,213
299889478,212
253623245,212
284017780,212
350757064,211
311272848,211
467633194,211
521419888,210
296370741,210
758839032,210
559579877,209
344005447,209
322418320,208
643982482,208
492111310,208
322416045,208
581338765,208
790879007,208
590675566,207
580259968,207
480280243,207
631625545,206
227420577,206
555724440,205
469712786,205
675325356,205
472274901,204
755511308,203
550318734,203
549565717,203
402548703,203
667912009,202
625124495,202
744834338,202
642578525,202
256063260,201
482876394,200
532270929,200
655890230,200
424328954,200
602774248,200
246391158,200
392740080,199
400854665,199
349954896,198
758294828,198
621681207,197
584457366,197
547650183,197
651969224,196
764497987,195
677891306,195
713088052,194
685542761,194
318775693,194
604509164,194
508525642,193
628285398,193
517616779,193
598980015,193
733322018,192
651745612,192
612768143,191
475448811,191
430049404,190
467504072,190
262942538,190
337157364,189
610916614,188
573310308,188
330570803,188
399809429,188
777938413,187
313343712,187
764939954,187
414294796,186
627747527,186
251618492,186
562640335,186
376605595,185
794337237,185
255600483,184
728019403,183
298573123,183
403583666,183
650759870,182
521846289,181
300003958,181
675157941,181
674918230,181
577189381,180
535892613,180
777516709,180
781240282,179
719743121,179
212216703,178
524164198,178
402739183,178
672444288,177
785054089,177
320724355,177
778173523,177
215095658,177
200226581,177
651198995,176
449927078,176
588953043,174
333221792,174
281409117,174
628164858,173
383851103,173
669595390,173
402452096,173
271116358,172
440847451,172
656338035,172
740054903,172
238684338,172
440606403,171
697188067,171
543046183,171
589648981,171
595494445,171
783993018,171
547642573,170
207143519,170
571249911,170
292818912,170
393623523,170
361299103,170
780053364,169
699030518,169
416088527,169
522919010,169
557787375,168
564772073,168
665422004,168
428464846,168
222841723,167
244668144,167
388339557,166
659553504,166
377918289,166
499604639,165
743056129,165
647888118,164
313118976,163
498717329,163
594697670,163
625418886,163
217113764,162
646357607,162
594046841,161
516732671,161
713443086,160
346228345,160
272027730,160
530515438,159
529657830,159
550812052,159
331676704,158
619714048,158
262776554,158
576137263,157
318001334,157
786689601,157
486064287,157
402766917,157
522483190,156
636719230,156
398239636,156
257109942,156
553855780,156
428646688,155
434237541,155
525323209,155
248080721,155
759697392,154
776136598,154
743217795,154
497938784,153
729386293,153
370553322,153
298711377,153
212547482,153
478516110,152
399627801,152
346734966,152
696999364,152
449387257,151
379351930,151
445956551,151
301299344,151
364976030,151
306616838,151
476611991,150
798895293,150
588771162,150
379889646,150
359384840,150
668406680,150
240061193,149
395454858,149
471182459,148
638544485,148
579938519,147
502256032,147
208711063,146
578463903,146
309402594,146
357396231,145
604058431,145
212790390,145
368466122,145
439166647,144
260424134,144
448193250,144
356058001,143
256443771,143
307253615,143
252430895,142
330979532,142
625339415,142
383076402,142
249139788,142
430127495,141
553196124,141
546809612,141
249939325,141
204119118,141
312002556,141
402534811,141
448672140,140
603559888,140
786885146,140
631935330,139
296682580,139
373612346,139
418908932,139
343386568,138
505428201,138
527581389,138
795521901,138
211305757,136
351985275,136
522254826,136
573649456,136
260170523,136
621258679,136
419536397,135
746940719,135
343374778,135
225227564,134
301155704,134
208052778,134
753638479,134
582507307,134
291512182,134
486921958,134
284169439,134
694251846,134
239763471,134
784062028,133
376515327,133
441345619,132
242900766,132
383891490,132
745463019,132
629883873,132
753123486,131
357524002,131
584014522,131
426644463,131
239235596,131
356574822,130
772173657,130
212705706,130
772672690,130
597078516,130
478909945,130
231175271,129
343520733,129
569200937,129
546349571,129
576469450,129
361903814,128
526151977,128
487830171,128
745352141,127
547170843,127
329810054,127
565721250,127
259479084,127
315039092,126
434211228,126
710462733,126
786981321,126
620118484,126
469854014,125
347535600,125
725958798,125
628650043,125
639663551,124
616035853,124
278636292,124
338523669,123
350563451,123
784785305,123
472667028,123
288640514,123
385522537,123
317397909,122
720751856,121
679953813,121
658894886,121
349136806,120
287143206,120
236945984,120
397263710,119
504414583,119
742229469,119
296172506,119
685629645,119
648247798,118
536813764,118
390736826,118
330827732,118
543300578,117
203167584,117
491994815,116
760939641,116
593122877,116
532112432,116
504248163,115
244308478,115
541906093,115
359836263,115
498929867,114
263734137,114
750259408,114
783490368,114
394848580,114
354505716,114
403132523,113
346092209,113
643985485,113
553993594,113
307500869,112
413376468,112
721321978,112
353510429,112
714295019,112
749222322,111
321391683,111
450327456,111
655868109,111
611573422,110
535823373,109
673946608,109
291509727,109
790251031,109
486313524,109
411123478,109
239631243,109
662426343,109
578727380,109
799131660,108
479233106,108
345505849,107
739322141,107
747783168,107
437296562,107
777606805,106
209069880,106
451047239,106
431495580,106
778248518,106
456392460,105
616357068,104
416463706,103
499094018,103
702673193,103
500166901,102
717837733,102
500876690,102
299733161,102
663143895,102
293293087,102
778417632,102
517627196,102
289815143,101
727797788,101
259161818,101
510897299,101
238313893,101
399356946,100
722893433,100
282275962,100
670086002,100
313696896,99
391285916,99
613243403,99
684354845,98
240862776,98
275593618,98
557685304,98
621163946,98
659292369,98
674802512,97
253498925,97
432526505,97
773872307,97
338526936,97
275114735,97
333147212,96
280117832,96
690665586,96
259632102,96
744647780,96
322869822,96
444935674,95
344586314,95
451298756,95
749171640,94
330769008,94
586054681,94
257935747,94
297464425,94
658648106,93
313929812,93
599685068,93
615733590,93
715210963,92
548066833,92
466940330,92
646156891,91
345622888,91
524211571,91
560540701,91
697890427,90
305367712,90
435579498,90
597741670,90
222632197,90
229827652,90
635592023,89
601829886,89
218291547,89
772410768,89
558681008,88
204427503,88
741379601,88
280257994,88
700791801,88
787868445,88
353303500,87
567356527,87
659987097,87
209900123,87
251791716,87
238862231,87
789317295,87
368599736,87
205443570,87
318988219,86
535118967,86
216566719,85
631768569,85
701453662,85
726307903,85
749870652,85
544253549,85
697462510,85
270418512,84
474178869,84
667161280,84
454940244,84
369887143,84
781819611,84
713316638,84
371683703,84
525390821,84
620430215,83
379771953,83
373076088,83
289380097,83
262232846,83
341852114,83
423828980,82
561795090,82
569555401,82
642255319,82
703098015,82
585852960,82
483320194,82
754930281,82
533414162,82
233577352,82
425545926,82
595847888,81
544706588,81
796382103,81
297466328,81
696966023,81
250137166,81
471941008,80
481685392,80
763889074,80
504988880,80
274504123,80
490007760,79
713646245,79
729350640,79
751349851,79
599468619,79
646200820,79
682620031,79
693437183,78
280477932,78
216175341,78
264446936,78
363823627,78
268466201,78
457881972,78
325196726,77
640452750,77
533061368,77
661368448,77
543155565,77
494830357,77
550046859,77
330735938,77
477775410,77
733944774,77
346529023,77
612079842,76
304367224,76
665091406,76
396056905,76
711757557,76
432798061,75
341771445,75
239491640,75
316570744,75
440099710,75
554295708,75
562799871,75
305299111,74
517176602,74
230064102,74
395727044,74
422643991,74
288513100,74
510997157,73
386236939,73
254481895,73
481483391,73
458374351,73
622567557,72
580068371,72
455356530,72
610239754,72
383044523,72
434739319,72
252961670,72
486891386,72
380011996,72
239445702,72
622565462,72
277363814,71
269698304,71
535546773,71
259710128,71
749112353,71
511425050,71
427033619,70
470976235,70
730475629,70
661422673,70
716789515,70
667915881,70
726620302,70
579133119,70
372296391,69
759307228,69
356351246,69
655723033,69
544681340,69
501497528,69
709958775,69
517929657,69
773715351,68
200113231,68
441906204,68
628102365,68
430630426,68
345882111,68
753305434,67
576505937,67
619041741,67
374871152,67
543780151,67
396114822,67
482914839,66
676189527,66
779585939,66
694310652,66
420284252,66
691354719,66
428968654,65
388070735,65
687883639,65
764102810,65
238128547,65
523389544,65
799536674,64
738195768,64
578892033,64
695099303,64
340669999,64
376098447,64
306737617,64
252449749,64
638573803,64
447733750,64
704593388,63
726744924,63
268672980,63
686152372,63
457147461,62
389558195,62
572774501,62
458388468,62
382711663,62
426600897,62
353729169,62
521514943,62
547457866,62
682816422,62
360967526,62
574538195,62
286586069,62
270849949,62
347728246,61
643933542,61
428210399,61
527983774,61
693245872,60
251811776,60
507687714,60
595385288,60
328453409,60
770099668,60
472289954,60
592093977,60
529855774,59
701634810,59
702746693,59
289421869,59
509469010,59
617319352,59
309086455,58
506372130,58
438987522,58
371408714,58
740855594,58
792809194,58
499839215,58
678145823,58
605886434,58
350577536,57
320862279,57
354974266,57
511948005,57
480928701,57
709392457,57
570796068,56
726666925,56
685766575,56
787692211,56
384214250,56
353080331,56
224494861,55
660107628,55
378604841,55
744255048,55
213771020,55
353003075,54
726752445,54
264596383,54
328979947,54
318597638,54
223952113,54
209689560,53
227923622,53
599279827,53
526957864,53
440404165,53
547555880,53
347872233,53
280295491,52
254354109,52
412562736,52
613073632,52
331604305,52
663661965,52
730173216,52
652114615,52
756618713,52
713351341,51
533771078,51
769762328,51
424876249,51
665075421,51
741520153,50
489430842,50
382573240,50
431270135,50
266059835,50
442556792,50
657854981,49
317822324,49
451912688,49
781798525,49
629343233,49
350118051,49
669713756,48
582021002,48
418308220,48
250555954,48
395897914,48
523201849,48
403785533,48
797436326,48
539086345,48
267783982,48
365187339,47
473506078,47
547266267,47
614328712,47
534384390,47
373707158,47
730804024,47
777263580,47
488700735,47
535672274,47
484094959,46
603072369,46
258661382,46
366683849,46
225479967,46
316083817,45
236935542,45
486717576,45
322821506,45
224966912,45
350770048,45
499349167,45
793602849,45
419552454,45
213428217,45
539668169,45
300203800,44
639666860,44
716508561,44
521771577,44
657400555,44
357940274,44
246211220,44
218417053,44
712780322,44
405864392,44
366367644,44
635097035,44
342324418,44
639771158,44
346463298,44
603269954,44
638280313,43
509546502,43
692468983,43
569122263,43
347977404,43
789202918,43
570826930,43
661116630,42
754118100,42
342375529,42
220115766,42
623593494,42
398040828,42
261233044,42
206715243,41
364485390,41
286100319,41
251253483,41
217764930,41
305334817,41
473859541,41
251799638,41
289529500,41
234577977,41
343732825,41
681312007,40
486521618,40
757202020,40
629547578,40
668602259,40
236571536,40
673872155,40
352436088,40
667841130,40
381781200,40
403942457,39
465718091,39
420589088,39
722301663,39
258499282,39
665213350,39
436109338,38
637380301,38
451299885,38
390607082,38
645217285,38
471000418,38
298150413,38
481389460,38
257606880,38
709309885,38
226388301,38
718534175,38
527345732,38
767042293,38
693515363,38
639829435,38
309490266,38
391225316,38
479117917,37
748300966,37
711683794,37
489550451,37
625580343,37
671021690,37
623437839,37
228967800,37
504192907,37
741329576,36
330853314,36
238814688,36
526139358,36
632381510,36
420373448,36
703284961,36
322807785,36
711127003,36
538834233,36
439544006,36
461141180,35
729627619,35
513709617,35
412330051,35
411141346,35
666019626,35
223976089,35
262130557,35
609138660,35
483471598,35
318098187,35
760471729,35
322280311,35
408693955,35
423960609,34
671347319,34
620993876,34
470422681,34
404380054,34
466980370,34
620075139,34
689871941,34
722640710,33
274949547,33
228716843,33
634770785,33
745575330,33
228232702,33
665540033,33
511191580,33
249567756,33
761850149,33
781521762,33
787263211,33
288286024,33
368945144,32
631618012,32
579007139,32
310747393,32
343588404,32
586266829,32
574259021,32
518891166,32
444011513,32
453542489,32
380361248,31
694419599,31
678074867,31
490255004,31
713079300,31
273376263,31
452338509,31
514331076,30
621986059,30
433361216,30
484272651,30
474570529,30
790865104,30
339309073,30
549747705,30
706096818,30
697754684,30
463314303,30
515649554,30
575029259,30
625482189,29
578614462,29
582607490,29
365702755,29
381566195,29
238328853,29
777143427,29
320947122,29
444097844,29
367634343,29
212391094,29
738382184,29
538112721,29
584102745,28
493993630,28
629604017,28
290809514,28
465458101,28
250598428,28
388020816,28
625379188,28
430939263,28
454569615,28
710386257,27
570139756,27
493992162,27
705779432,27
292856352,27
259622771,27
459371332,27
242418560,27
233797957,27
736699625,27
245803342,27
330312489,27
486504452,27
447546106,27
517083396,27
651324999,26
455227212,26
466321007,26
605200059,26
220755218,26
213660177,26
729978331,26
431164643,26
659925661,26
587665280,26
512927445,26
603987587,25
392383923,25
636120444,25
288433605,25
450466745,25
396933201,25
790458693,25
573015546,25
750605123,25
222969468,25
554160409,25
671513150,25
435439565,25
280201381,25
207708699,25
565262356,25
255447982,25
486055019,24
457958782,24
619959153,24
723707897,24
529098536,24
688863607,24
235456311,24
213944077,24
355269358,24
590752980,24
708662097,24
410314841,24
679443250,24
585190722,24
596150135,24
526654976,24
313783224,24
708333372,24
341635827,23
691230351,23
764727954,23
628835773,23
268518502,23
267453099,23
325551523,23
463694650,23
743429694,23
554939260,23
689611783,23
593359127,22
403358871,22
796989407,22
334399229,22
621989869,22
783070908,22
609330989,22
409963138,22
308283915,22
347908573,22
427773825,22
505426189,22
341360156,21
569809706,21
606772964,21
697198375,21
240059863,21
535271467,21
458481223,21
353815230,21
564991624,21
406924493,21
294178906,21
605289282,20
402276340,20
639820426,20
369147117,20
648026358,20
215060900,20
663627748,20
203527661,20
313901059,20
521494265,20
696354467,20
364102602,20
378001875,20
378793082,20
703089600,20
404958837,19
458331050,19
243523903,19
692172142,19
499129301,19
567982887,19
670136515,19
725778343,19
213689986,19
324307950,19
246550431,19
660448775,19
538920852,19
602961452,19
395697259,19
766949201,19
701139817,18
649188344,18
450529093,18
593280809,18
253360839,18
233268653,18
505971520,18
611153622,18
491517293,18
466577640,18
772087718,18
243747370,18
730428020,18
388570927,18
468868196,18
460239591,18
517062535,17
428324894,17
455951532,17
720214221,17
381827305,17
777791387,17
634611411,17
582091735,17
553374435,17
744032352,17
203662835,17
561434092,17
768917319,17
610309444,17
625307658,17
764915666,17
413106972,17
223875262,17
569975084,17
413411006,17
336904305,17
574306985,17
489637144,17
483570344,17
729234124,16
460101072,16
661945987,16
275533605,16
779775382,16
505364285,16
447721654,16
421935445,16
767863762,16
375588953,16
558402948,16
234379907,16
627763215,16
523910177,16
653727276,16
339130681,16
466684590,16
302717990,16
526774746,15
605124372,15
290519727,15
297337332,15
509388398,15
752632733,15
533828932,15
355718134,15
250419657,15
606327076,15
661078065,15
249002046,15
233231969,15
342429505,15
496124120,15
667335565,15
396326703,15
636875348,15
740327210,15
781375712,15
236823195,15
696888895,15
326470886,15
514033693,15
649270046,15
686987844,14
286068399,14
672006605,14
503950844,14
352148150,14
768288072,14
575314661,14
799007797,14
357029554,14
706589040,14
511262022,14
426097015,14
724096123,14
206219065,14
229236617,14
609858151,14
476142571,14
652650093,14
528353548,14
655505848,14
370710986,14
651749931,13
454429856,13
413923922,13
348583054,13
238182057,13
611705284,13
332059257,13
509195242,13
770986769,13
657075415,13
744813509,13
781013859,13
531084281,13
372894817,13
655476705,13
352562611,13
599688370,13
731322636,13
559510036,13
563112008,12
485639522,12
404212479,12
745527503,12
317386444,12
254310315,12
723662516,12
292203820,12
334038292,12
748883642,12
672026041,12
606675068,12
748646169,12
336703849,12
387176909,12
413972564,12
305550959,12
385013518,12
290245522,12
594610063,12
314458799,12
201542249,12
708459858,12
683336922,12
554408875,11
547029600,11
613124093,11
474971872,11
661814788,11
730362936,11
283508262,11
689229601,11
768699668,11
210605917,11
295159601,11
786056169,11
258498179,11
619963811,11
689359587,11
754986860,11
791827516,11
235416422,11
547010994,11
744009424,11
436034353,11
550323949,11
621010570,11
330914241,10
495082594,10
717429853,10
347545024,10
266813596,10
240916330,10
772786103,10
534376695,10
539563340,10
360709721,10
213280458,10
253506991,10
790404094,10
544967776,10
423193505,10
715691374,10
663018727,10
398501496,10
702284965,10
716997655,10
696439957,10
502647527,10
710797569,10
606034394,10
550216799,10
526955552,10
634000117,10
652360413,9
713146016,9
735183050,9
557056821,9
630279006,9
346959583,9
364024240,9
277300583,9
255701168,9
700779696,9
749054947,9
789501981,9
660556063,9
624052768,9
601104708,9
361109086,9
651086329,9
771892197,9
208897850,9
514184176,9
676094511,9
395751846,9
775183594,9
654542380,9
373602696,9
483895792,9
772955770,9
626880875,9
691196340,9
661670445,9
741896455,9
648387542,9
537311977,9
590519834,9
547835419,8
340025678,8
505323626,8
590381954,8
209557617,8
636597549,8
707157978,8
344306570,8
397097022,8
739874428,8
479687740,8
793918558,8
798953185,8
410409119,8
764213142,8
285565287,8
207442852,8
572314830,8
779365743,8
796746072,8
501816855,8
449537443,8
503232010,8
498426889,8
243737490,8
242716484,8
502506316,8
247232987,8
290213152,8
540761068,8
306863480,8
386955878,8
339141089,8
663174045,8
661597664,8
645524491,8
274908548,7
367564240,7
457474095,7
478319930,7
348119569,7
336846280,7
547511936,7
725160623,7
551169954,7
583166105,7
234766050,7
744038957,7
265871921,7
611138073,7
242989330,7
781367495,7
618503048,7
264193798,7
710817060,7
721209107,7
732076617,7
791680558,7
606355716,7
250152362,7
485599153,7
252553768,7
716117403,7
307597082,7
647307236,7
715631569,7
733063549,7
300143427,7
344302736,7
254370597,6
689621722,6
794633819,6
249232604,6
295675578,6
488634638,6
677074329,6
541007264,6
747911700,6
396822036,6
345250355,6
323972414,6
713767109,6
665085885,6
777216476,6
568524238,6
459630158,6
342598253,6
451090651,6
735013327,6
315838149,6
714875951,6
594001238,6
404009820,6
375741268,6
466780310,6
487262111,6
642565721,6
723741386,6
389911951,6
469635352,6
544877320,6
785904621,6
460158031,6
361038229,6
779642023,6
206674516,6
694177561,6
262732337,6
360788763,5
518928643,5
662126716,5
730257703,5
528647693,5
398938834,5
420483119,5
694389584,5
658033594,5
709658626,5
493668023,5
545569324,5
269058945,5
359535416,5
289021018,5
374763979,5
698689542,5
421049128,5
538614215,5
652334378,5
679670914,5
200933278,5
512871992,5
628653505,5
749751429,5
559461212,5
633711824,5
350147878,5
762656295,5
430987703,5
234768650,5
741806891,5
750661379,5
535859199,5
386792612,5
763634696,5
560208171,5
210446364,5
475252854,5
420885981,5
575259056,5
734722791,5
597217937,5
338087381,5
335444882,5
551878794,5
248257206,4
664833540,4
700989276,4
239841446,4
581848980,4
362818055,4
223782220,4
641338310,4
234837183,4
429791021,4
285008719,4
202259250,4
395719762,4
334763741,4
276872203,4
638340260,4
396908610,4
285590638,4
355827049,4
453647622,4
530946099,4
542410272,4
533196227,4
654580746,4
461444000,4
531692564,4
525959394,4
218657285,4
224743168,4
608249226,4
314883600,4
236133452,4
621368677,4
433313822,4
236263104,4
201245206,4
758399247,4
674102758,4
232783307,4
686342447,4
319546001,4
322616567,4
276345831,4
725487757,4
281213299,4
766265418,4
611036581,4
295981731,4
248633776,4
684540638,4
752456802,4
594498557,4
520802741,4
318262264,4
456803735,4
719306062,3
244876926,3
630397803,3
202338395,3
595020231,3
466146752,3
272724922,3
753775757,3
533726730,3
374713387,3
256167720,3
378642826,3
355318004,3
409205200,3
598407387,3
479384990,3
429691713,3
579691395,3
451764452,3
780558705,3
612957159,3
333509488,3
362403109,3
374043512,3
560119963,3
312368445,3
722609247,3
354762924,3
213491817,3
383645076,3
215219857,3
237721468,3
326704544,3
429821414,3
555406461,3
797338550,3
399987467,3
673241554,3
712530464,3
275324193,3
664951583,3
620738416,3
271316445,3
713974695,3
517407170,3
448447350,3
220563116,3
365632233,3
239854450,3
785758412,3
220150057,3
609145639,3
635236502,3
667962360,3
467057880,3
690279206,3
400359331,3
278039879,3
467485887,3
580018823,3
449149770,3
227374647,3
293465567,3
684913242,3
221317548,3
248743550,3
648775899,3
428888853,3
429683300,3
572406110,3
327243252,3
500838455,3
497117019,3
700668944,3
658095940,3
559826340,3
700785586,3
358322500,3
672781850,3
660419723,3
738663906,3
408301865,3
629484095,2
277165765,2
746473536,2
452180540,2
613947144,2
622427072,2
450541303,2
258198053,2
628186601,2
359034238,2
752588985,2
342785094,2
731431767,2
310777611,2
315293350,2
646648549,2
597492801,2
593543546,2
588498548,2
580789054,2
792205379,2
447041618,2
570427253,2
306396009,2
424577070,2
576996934,2
284049591,2
457109935,2
343350370,2
489495311,2
203953459,2
259922034,2
253234517,2
694452405,2
377925303,2
754878615,2
654690954,2
358862741,2
473681446,2
408818576,2
733374672,2
259432602,2
741573455,2
394746185,2
524279076,2
587392983,2
460268258,2
284223192,2
279825626,2
510164635,2
519686132,2
723727474,2
645051554,2
694604007,2
677085776,2
553886120,2
471476325,2
437040848,2
396538449,2
617344304,2
498443850,2
327748740,2
526471332,2
393884246,2
353166548,2
203670587,2
602342922,2
320204539,2
434690931,2
740779890,2
242950810,2
605762356,2
720557080,2
313623552,2
621183154,2
313033021,2
258816875,2
746017180,2
744274376,2
690296715,2
715577480,2
239572448,2
212881253,2
491543219,2
719441188,2
689901409,1
272586242,1
662081920,1
586302789,1
553678259,1
416423481,1
758720601,1
207589527,1
551632577,1
489566754,1
216227841,1
233377455,1
749924905,1
541313976,1
633372217,1
680554761,1
798224680,1
799488666,1
344706929,1
350006843,1
584388980,1
578623284,1
382709618,1
546796582,1
642421083,1
685230165,1
779706883,1
587135597,1
729375022,1
641929564,1
218325910,1
243219411,1
731493431,1
345297962,1
242625808,1
588125624,1
518948177,1
559611540,1
216786843,1
475291390,1
591090543,1
605210840,1
505419298,1
510708359,1
360848086,1
384259094,1
247931299,1
459055246,1
403994424,1
710712015,1
441679458,1
662263739,1
446554337,1
203311422,1
417683293,1
329313688,1
621959119,1
566334899,1
543525870,1
425033858,1
496684728,1
429660220,1
238356870,1
779426405,1
445894267,1
705373355,1
510592146,1
554204771,1
697715747,1
370654887,1
289607276,1
317715635,1
311427486,1
491415511,1
464258035,1
611805894,1
436491314,1
537232433,1
749511743,1
784939570,1
523542736,1
642605331,1
710042529,1
640321461,1
297359303,1
736413470,1
286154338,1
201582012,1
480612501,1
645620653,1
404475314,1
553044999,1
771842446,1
286436515,1
416513145,1
540534129,1
274950141,1
543751502,1
262826920,1
467739056,1
496838435,1
523240940,1
609417656,1
245097737,1
535370969,1
441921043,1
796047321,1
358321368,1
559370599,1
627804208,1
444852359,1
444713031,1
357150516,1
509147119,1
299534919,1
644361458,1
424937095,1
705656047,1
569472679,1
737787528,1
243196791,1
577375955,1
565429237,1
448102423,1
430205275,1
209572601,1
787316831,1
773203315,1
208011091,1
204595392,1
349868910,1
352276635,1
392053747,1
267686189,1
214243105,1
594451338,1
214448522,1
244803917,1
798687091,1
310557984,1
556118883,1
301770765,1
444496745,1
407894338,1
245093881,1
792844169,1
561910967,1
541283075,1
474774188,1
485063369,1
708728675,1
499291161,1
574978751,1
642445157,1
263782252,1
529422872,1
244189296,1
769312605,1
692974411,1
781778642,1
