MMSI,records,start_time,end_time,start_lat,start_lon,end_lat,end_lon,duration_hours,start_end_distance_km
200134975,20000,2024-08-02 09:58:15,2024-09-04 16:49:13,37.38095,24.72063333333333,37.4377,24.94165,798.8494444444444,19.521352519108028
201622454,20000,2024-07-01 19:50:59,2024-07-19 01:36:53,37.362555,24.811388333333333,37.264695,25.313268333333333,413.765,44.38488395571689
205811699,20000,2024-07-01 23:31:38,2024-09-27 08:34:01,36.84289666666667,24.82201166666667,37.465765,25.31972,2097.0397222222223,44.124211041749064
226225103,20000,2024-07-02 06:29:53,2024-08-20 04:00:24,37.118001666666665,24.624776666666666,37.38138333333333,25.03031333333333,1173.5086111111111,35.89822043831326
234463823,20000,2024-09-15 07:19:48,2024-09-19 17:38:49,37.53613,25.15451833333333,37.44305166666667,24.942975,106.31694444444445,18.665151602205565
238007480,19014,2024-07-19 10:47:51,2024-08-03 07:55:01,36.85127,25.620846666666665,36.889136666666666,24.91274,357.11944444444447,62.98993620822777
241749307,20000,2024-07-01 03:55:59,2024-08-16 03:31:05,37.229085,26.65831333333333,37.103615,27.03482,1103.585,33.36292302041869
243681675,20000,2024-07-01 00:00:08,2024-07-12 05:09:15,37.087336666666666,25.147961666666667,37.53613,25.15369833333333,269.15194444444444,1.0079681498274073
246228378,20000,2024-07-01 19:56:02,2024-09-30 21:30:28,37.51227166666666,24.95405833333333,37.45843166666667,25.31028166666667,2185.573888888889,31.43121944152523
248692941,20000,2024-07-01 08:24:13,2024-07-28 11:42:01,37.61096,25.022856666666662,37.53648166666667,25.154641666666667,651.2966666666666,11.615066679494323
248964690,20000,2024-07-01 06:13:26,2024-07-10 13:58:34,37.56046333333333,25.087066666666665,37.23336166666667,25.212985,223.75222222222223,11.14146559674233
260995738,20000,2024-07-02 00:48:24,2024-08-20 15:53:47,36.765861666666666,25.46216,37.335323333333335,25.071635,1191.0897222222222,34.674098079615945
261098615,20000,2024-07-01 06:02:17,2024-07-11 06:11:49,37.48704,24.951505,37.43702,24.94492,240.1588888888889,0.5892543682047888
279179394,20000,2024-07-24 04:57:26,2024-08-01 19:38:45,37.502325,24.997646666666668,37.14218,25.228056666666667,206.6886111111111,20.386156675316997
301394865,20000,2024-07-01 19:53:13,2024-09-12 03:35:39,37.25395,26.621216666666665,37.45897166666666,25.26371333333333,1735.7072222222223,119.98384501445864
303144099,20000,2024-07-01 00:02:50,2024-07-13 18:48:24,37.46266666666666,25.326166666666666,37.534666666666666,25.149166666666662,306.75944444444445,15.615282182931532
304385446,20000,2024-07-01 01:53:38,2024-07-12 09:08:07,36.935923333333335,25.285976666666667,37.473661666666665,25.251301666666667,271.2413888888889,3.243399965497373
306211122,2902,2024-07-02 20:08:45,2024-07-11 16:06:35,36.454953333333336,25.365871666666667,37.34137,24.97009333333333,211.9638888888889,35.23415372546178
334424486,20000,2024-07-03 14:29:40,2024-08-19 00:08:14,37.43967,24.94500333333333,37.087021666666665,25.149816666666663,1113.6427777777778,18.137877742893163
340402302,19104,2024-07-01 21:03:43,2024-09-30 23:59:51,37.634395,25.88449,37.39913166666667,25.127135,2186.9355555555558,66.79763915823496
345727782,20000,2024-07-01 15:48:03,2024-09-15 19:11:03,37.52753166666667,24.958795,37.52188,25.271601666666665,1827.3833333333334,27.5856804995511
346795489,20000,2024-07-01 00:15:40,2024-07-18 13:14:56,37.08685166666667,25.149746666666665,37.16439,25.225811666666665,420.98777777777775,6.745392434588397
353196028,20000,2024-07-01 00:00:05,2024-07-04 11:35:00,37.450586666666666,25.325941666666665,37.45063,25.32597,83.58194444444445,0.0025025437378165196
366763109,20000,2024-07-02 01:30:39,2024-09-11 00:29:07,36.28454333333333,24.757853333333333,37.02902,24.90043,1702.9744444444445,12.799723465736154
369314059,20000,2024-07-05 07:55:42,2024-08-20 01:42:30,37.35506333333333,24.88148,37.45066,25.327026666666665,1097.78,39.356185358825755
370384996,20000,2024-07-01 00:00:11,2024-07-03 14:40:42,37.43658666666666,24.940156666666667,37.43738333333334,24.941243333333333,62.67527777777778,0.09595562724741098
371681494,20000,2024-07-02 20:40:24,2024-08-22 17:45:02,37.52138,24.961111666666667,37.49209333333334,25.23483833333333,1221.0772222222222,24.14518719870156
375886596,20000,2024-07-21 18:18:57,2024-08-12 17:37:45,37.47925333333333,24.962451666666663,37.43922666666667,24.941158333333338,527.3133333333334,1.8810605021625246
385831098,20000,2024-07-01 09:59:34,2024-08-26 21:29:17,37.553106666666665,25.281068333333337,37.30379666666666,25.083296666666666,1355.4952777777778,17.470133268125327
386691164,20000,2024-08-02 09:09:57,2024-08-16 10:03:01,37.49051666666666,24.948971666666665,37.46065333333333,25.31982,336.88444444444445,32.72580035604404
395657503,20000,2024-07-04 08:22:16,2024-08-27 03:32:56,36.93763833333333,26.20766833333333,37.29411666666667,25.113121666666668,1291.1777777777777,97.0532155746055
396636589,20000,2024-07-03 02:15:01,2024-09-11 17:07:43,37.1727,24.712783333333338,37.46286666666666,25.302633333333333,1694.8783333333333,52.1641271249989
406647606,20000,2024-07-09 00:47:50,2024-09-03 22:50:47,37.138505,24.67282,37.384391666666666,25.137155,1366.0491666666667,41.09526836594056
408286708,20000,2024-07-01 22:08:00,2024-08-03 06:29:28,37.60119666666667,25.016193333333337,37.44683666666667,25.29467333333333,776.3577777777778,24.56051182901092
419321940,20000,2024-07-01 07:17:26,2024-08-04 08:08:18,37.26347833333333,24.820216666666667,37.09397166666667,25.12516,816.8477777777778,27.018412224211243
435026421,20000,2024-07-01 00:01:24,2024-07-10 18:26:42,37.438613333333336,24.94061,37.435745,24.940341666666665,234.42166666666665,0.02433661898046418
439165167,20000,2024-07-10 23:55:45,2024-07-27 08:48:27,37.00745833333333,25.277705,37.397396666666666,25.22335333333333,392.87833333333333,4.8728545139764785
439729450,20000,2024-07-01 00:00:04,2024-07-10 21:36:19,37.33025,25.48113333333333,37.30021666666666,25.873066666666663,237.60416666666666,34.66052788129571
440238215,20000,2024-07-01 09:25:30,2024-07-21 09:33:54,37.45021666666667,25.1638,37.43663333333333,24.949866666666665,480.14,18.886832454774787
446911976,20000,2024-07-01 00:38:41,2024-09-04 21:00:17,37.44896666666666,25.32662833333333,37.437,25.008668333333333,1580.36,28.070835263118
449094058,20000,2024-07-01 01:25:40,2024-07-06 01:26:06,37.10602333333333,25.372511666666668,37.10599333333333,25.37251,120.00722222222223,0.00015885436923053904
454406528,20000,2024-07-13 21:40:54,2024-09-12 08:49:29,37.05860833333333,24.96824833333333,37.45496833333333,25.301303333333333,1451.1430555555555,29.48624476077378
462919369,20000,2024-07-06 03:43:25,2024-08-25 23:56:42,37.55765333333333,25.346108333333333,37.43613666666667,24.939371666666663,1220.221388888889,35.883241209839994
477832320,20000,2024-07-01 08:31:16,2024-07-14 09:52:21,37.28896666666667,24.808133333333338,37.16945,25.210316666666667,313.3513888888889,35.608322322239026
493087308,20000,2024-07-11 23:08:14,2024-09-08 05:32:00,37.53758166666667,25.154006666666668,37.431711666666665,24.93767,1398.3961111111112,19.08955488740095
496008645,20000,2024-07-01 07:57:08,2024-07-14 14:43:46,37.59787333333333,25.004476666666665,37.53642333333333,25.15521,318.77722222222224,13.285786126146832
500736053,20000,2024-08-21 16:26:45,2024-09-28 00:55:43,37.5049,24.9922,37.43868,24.94065,896.4827777777778,4.551110580825766
525791007,20000,2024-07-01 07:41:07,2024-07-16 15:15:55,37.281578333333336,24.811008333333337,37.118053333333336,25.35145333333333,367.58,47.86828714368938
526575618,20000,2024-07-30 16:34:46,2024-08-22 16:07:42,37.01034,25.26764,37.141196666666666,25.228161666666665,551.5488888888889,3.5115373464425974
531004359,20000,2024-07-01 00:00:11,2024-07-03 14:50:25,37.44015666666667,24.945251666666667,37.440165,24.945285,62.83722222222222,0.0029429615833874885
533187847,20000,2024-07-01 07:36:59,2024-07-15 08:43:56,37.49198666666667,24.954256666666662,37.45962333333333,25.18606833333333,337.11583333333334,20.45641327297537
534176328,20000,2024-07-01 09:00:38,2024-07-14 10:45:18,37.47515666666666,24.952001666666668,37.32405333333333,25.305913333333333,313.74444444444447,31.26422170641628
565464295,20000,2024-07-01 01:22:41,2024-08-19 15:13:39,37.10471666666667,25.37478833333333,37.10471666666667,25.374685,1189.8494444444445,0.009163782337969866
584196090,19831,2024-07-02 02:15:19,2024-09-30 23:59:53,37.32852333333334,24.84931333333333,37.43973833333333,24.945226666666667,2181.742777777778,8.477027669512971
587268510,20000,2024-07-01 03:21:11,2024-07-15 15:17:46,37.435805,24.937496666666668,37.43639666666667,24.943495,347.94305555555553,0.5296079163362701
596440147,20000,2024-08-15 22:36:54,2024-09-28 20:00:22,37.22020666666667,24.78986833333333,37.436805,24.94189,1053.391111111111,13.448147752879919
616620391,20000,2024-07-01 08:30:40,2024-07-16 09:05:11,36.95851666666667,24.973656666666667,37.43604166666667,24.992966666666668,360.5752777777778,1.9452676559232343
628693508,20000,2024-07-01 05:25:08,2024-08-24 07:46:34,37.118555,25.146065,37.27228333333333,25.228316666666668,1298.3572222222222,7.291574778575721
629870457,20000,2024-07-01 08:21:01,2024-07-17 12:36:42,37.49585,24.9555,37.437866666666665,24.9419,388.2613888888889,1.2055448470215935
630842022,20000,2024-07-01 06:51:49,2024-09-03 13:45:03,37.05316666666667,25.28566,37.34667666666667,25.260236666666668,1542.8872222222221,2.3226684551314034
653464635,20000,2024-07-02 20:27:23,2024-09-24 12:38:13,35.9081,24.98336833333333,37.46518,25.316358333333337,2008.1805555555557,29.841463273404745
675656627,20000,2024-07-01 00:01:54,2024-07-21 16:59:20,37.43913666666667,24.941158333333338,37.11368,24.976468333333333,496.95722222222224,3.1874287705777506
680520589,20000,2024-07-01 05:30:54,2024-07-11 08:26:40,37.01916666666666,25.2895,37.158,25.007,242.92944444444444,25.05934393158977
693780742,20000,2024-07-13 00:50:14,2024-09-03 20:41:56,37.14423333333333,24.690266666666663,37.43468333333333,24.94023333333333,1267.8616666666667,22.120368531659405
706899810,19149,2024-07-02 15:01:33,2024-09-29 05:04:37,37.48394666666667,24.954265,37.48610333333333,24.954091666666667,2126.051111111111,0.015856366814107604
708743043,20000,2024-07-01 07:31:06,2024-08-02 20:09:02,37.25821666666667,24.83735,37.157736666666665,25.206981666666668,780.6322222222223,32.73538878246964
716124575,20000,2024-08-21 09:43:53,2024-09-12 06:02:45,37.47653,24.952441666666665,37.407435,24.971011666666666,524.3144444444445,1.6449334868027454
723806186,20000,2024-07-01 13:12:23,2024-09-02 20:26:44,37.54241666666667,24.961016666666666,37.52568333333333,25.361316666666667,1519.2391666666667,35.29708991149331
738908931,20000,2024-07-01 07:03:07,2024-07-20 07:20:14,37.43223833333333,24.94732833333333,37.432295,24.943901666666665,456.28527777777776,0.302563814779309
741835389,20000,2024-09-02 12:01:17,2024-09-05 02:02:58,37.43705333333333,24.93982833333333,37.436365,24.93865,62.028055555555554,0.10404549556174099
743497398,20000,2024-07-01 15:18:59,2024-08-28 16:42:28,37.504803333333335,24.96887333333333,37.38194,25.24067,1393.391388888889,23.996376948206247
753812392,20000,2024-07-02 00:58:41,2024-08-18 22:07:39,37.105625,25.374075,37.105646666666665,25.37408333333333,1149.1494444444445,0.0007402010448864268
758938562,20000,2024-07-02 06:38:05,2024-09-26 05:45:30,37.18398333333333,24.733416666666667,37.426,25.09573333333333,2063.123611111111,32.04903896779836
764992475,20000,2024-07-01 03:21:26,2024-07-30 21:50:40,36.866105,25.71429,37.43185166666667,24.938043333333333,714.4872222222223,68.80592708177582
771283800,20000,2024-07-21 06:25:52,2024-07-24 04:32:59,37.246185,25.63833333333333,37.25568,24.92020833333333,70.11861111111111,63.56130107433906
791860098,20000,2024-07-01 02:49:15,2024-09-30 16:23:22,36.875655,25.769626666666667,37.41858333333333,25.81779166666667,2197.5686111111113,4.397003395357246
